-- phpMyAdmin SQL Dump
-- version 4.7.9
-- https://www.phpmyadmin.net/
--
-- Host: 127.0.0.1
-- Generation Time: Aug 16, 2020 at 09:59 PM
-- Server version: 10.1.31-MariaDB
-- PHP Version: 7.2.3

SET SQL_MODE = "NO_AUTO_VALUE_ON_ZERO";
SET AUTOCOMMIT = 0;
START TRANSACTION;
SET time_zone = "+00:00";


/*!40101 SET @OLD_CHARACTER_SET_CLIENT=@@CHARACTER_SET_CLIENT */;
/*!40101 SET @OLD_CHARACTER_SET_RESULTS=@@CHARACTER_SET_RESULTS */;
/*!40101 SET @OLD_COLLATION_CONNECTION=@@COLLATION_CONNECTION */;
/*!40101 SET NAMES utf8mb4 */;

--
-- Database: `tailor`
--

-- --------------------------------------------------------

--
-- Table structure for table `companies`
--

CREATE TABLE `companies` (
  `id` int(11) NOT NULL,
  `name` varchar(128) COLLATE utf8_unicode_ci DEFAULT NULL,
  `logo` varchar(200) COLLATE utf8_unicode_ci DEFAULT NULL,
  `district_id` int(11) DEFAULT NULL,
  `address` varchar(128) COLLATE utf8_unicode_ci DEFAULT NULL,
  `establish_date` date DEFAULT NULL,
  `created_at` datetime DEFAULT CURRENT_TIMESTAMP,
  `updated_at` datetime DEFAULT CURRENT_TIMESTAMP
) ENGINE=InnoDB DEFAULT CHARSET=utf8 COLLATE=utf8_unicode_ci;

--
-- Dumping data for table `companies`
--

INSERT INTO `companies` (`id`, `name`, `logo`, `district_id`, `address`, `establish_date`, `created_at`, `updated_at`) VALUES
(1, 'Uranos', '1590229043.jpeg', 101, 'Kabul, Ahmad Shah Bab Mena 3rd Block', '2010-02-03', '2020-05-16 23:39:40', '2020-07-15 12:49:06'),
(2, 'NULL', NULL, NULL, NULL, NULL, '2020-05-17 15:33:41', '2020-05-17 15:33:41'),
(3, 'NULL', NULL, NULL, NULL, NULL, '2020-05-17 15:34:26', '2020-05-17 15:34:26'),
(4, 'Kahkashan Tailor', '1590229043.jpeg', 101, 'Kabul, Ahmad Shah Bab Mena 3rd Block', '2012-02-02', '2020-05-17 17:20:44', '2020-07-15 12:50:33'),
(5, 'NULL', NULL, NULL, NULL, NULL, '2020-05-17 18:25:10', '2020-05-17 18:25:10'),
(6, 'Tailor Center', '1590229043.jpeg', 101, 'Kabul, Karti Naw', '2015-12-02', '2020-05-17 22:27:29', '2020-07-15 12:51:53'),
(7, 'NULL', NULL, NULL, NULL, NULL, '2020-05-17 22:42:48', '2020-05-17 22:42:48'),
(8, 'NULL', NULL, NULL, NULL, NULL, '2020-05-17 23:02:58', '2020-05-17 23:02:58'),
(9, 'Sultan Tailor', '1590229043.jpeg', 1501, 'Badakhshan, Faiz Abad', '2019-01-02', '2020-05-17 23:41:16', '2020-07-15 12:54:11'),
(10, 'Khesraw Tailor', '1590229043.jpeg', 201, 'Kapisa, Sayad', '2018-02-02', '2020-05-17 23:46:46', '2020-07-15 12:54:53'),
(11, 'NULL', NULL, NULL, NULL, NULL, '2020-05-17 23:52:15', '2020-05-17 23:52:15'),
(12, 'NULL', NULL, NULL, NULL, NULL, '2020-05-17 23:57:31', '2020-05-17 23:57:31'),
(13, 'NULL', NULL, NULL, NULL, NULL, '2020-05-18 02:04:15', '2020-05-18 02:04:15'),
(14, 'NULL', NULL, NULL, NULL, NULL, '2020-05-19 17:42:41', '2020-05-19 17:42:41'),
(15, 'NULL', NULL, NULL, NULL, NULL, '2020-05-20 01:05:42', '2020-05-20 01:05:42'),
(16, 'NULL', NULL, NULL, NULL, NULL, '2020-05-20 01:06:06', '2020-05-20 01:06:06'),
(17, 'NULL', NULL, NULL, NULL, NULL, '2020-05-20 01:07:23', '2020-05-20 01:07:23'),
(18, 'NULL', NULL, NULL, NULL, NULL, '2020-05-20 01:10:02', '2020-05-20 01:10:02'),
(19, 'NULL', NULL, NULL, NULL, NULL, '2020-05-20 01:12:05', '2020-05-20 01:12:05'),
(20, 'NULL', NULL, NULL, NULL, NULL, '2020-05-20 01:12:29', '2020-05-20 01:12:29'),
(21, 'NULL', NULL, NULL, NULL, NULL, '2020-05-20 16:08:03', '2020-05-20 16:08:03'),
(22, 'NULL', NULL, NULL, NULL, NULL, '2020-05-21 01:14:41', '2020-05-21 01:14:41'),
(23, 'NULL', NULL, NULL, NULL, NULL, '2020-05-23 23:57:25', '2020-05-23 23:57:25'),
(24, 'NULL', NULL, NULL, NULL, NULL, '2020-05-24 00:10:17', '2020-05-24 00:10:17'),
(25, 'Al Adnan', '1592809741.jpeg', 107, 'Ahmad Shah Baba Mena, Pesht Paktia Market', '2014-02-02', '2020-05-30 23:28:28', '2020-06-26 00:07:30'),
(26, 'NULL', NULL, NULL, NULL, NULL, '2020-06-05 01:06:21', '2020-06-05 01:06:21'),
(27, 'NULL', NULL, NULL, NULL, NULL, '2020-07-05 18:00:24', '2020-07-05 18:00:24');

-- --------------------------------------------------------

--
-- Table structure for table `company_customers`
--

CREATE TABLE `company_customers` (
  `id` int(11) NOT NULL,
  `company_id` int(11) NOT NULL,
  `customer_id` int(11) NOT NULL,
  `created_at` datetime DEFAULT CURRENT_TIMESTAMP,
  `updated_at` datetime DEFAULT CURRENT_TIMESTAMP
) ENGINE=InnoDB DEFAULT CHARSET=utf8 COLLATE=utf8_unicode_ci;

--
-- Dumping data for table `company_customers`
--

INSERT INTO `company_customers` (`id`, `company_id`, `customer_id`, `created_at`, `updated_at`) VALUES
(31, 25, 132, '2020-06-04 11:53:13', '2020-06-04 11:53:13'),
(32, 25, 133, '2020-06-04 11:54:13', '2020-06-04 11:54:13'),
(33, 25, 134, '2020-06-04 12:10:22', '2020-06-04 12:10:22'),
(37, 25, 138, '2020-06-04 14:02:34', '2020-06-04 14:02:34'),
(38, 25, 139, '2020-06-04 23:39:30', '2020-06-04 23:39:30'),
(39, 25, 140, '2020-06-04 23:41:22', '2020-06-04 23:41:22'),
(41, 25, 142, '2020-06-04 23:49:20', '2020-06-04 23:49:20'),
(42, 26, 145, '2020-06-05 01:07:11', '2020-06-05 01:07:11'),
(43, 25, 146, '2020-06-09 00:10:08', '2020-06-09 00:10:08'),
(44, 25, 147, '2020-06-09 00:13:13', '2020-06-09 00:13:13'),
(45, 25, 148, '2020-06-09 00:14:12', '2020-06-09 00:14:12'),
(46, 25, 149, '2020-06-09 00:14:41', '2020-06-09 00:14:41'),
(47, 25, 150, '2020-06-10 17:05:39', '2020-06-10 17:05:39'),
(48, 25, 151, '2020-06-19 11:27:42', '2020-06-19 11:27:42'),
(49, 1, 152, '2020-06-21 09:57:13', '2020-06-21 09:57:13'),
(50, 1, 153, '2020-06-21 09:57:48', '2020-06-21 09:57:48'),
(51, 25, 154, '2020-07-05 17:47:40', '2020-07-05 17:47:40'),
(52, 27, 156, '2020-07-05 18:01:19', '2020-07-05 18:01:19'),
(53, 27, 157, '2020-07-05 18:02:00', '2020-07-05 18:02:00'),
(54, 25, 158, '2020-07-14 14:28:13', '2020-07-14 14:28:13'),
(55, 25, 159, '2020-07-14 16:14:44', '2020-07-14 16:14:44'),
(56, 25, 160, '2020-08-08 15:22:42', '2020-08-08 15:22:42'),
(57, 25, 161, '2020-08-08 15:23:24', '2020-08-08 15:23:24'),
(58, 25, 162, '2020-08-08 15:24:21', '2020-08-08 15:24:21');

-- --------------------------------------------------------

--
-- Table structure for table `districts`
--

CREATE TABLE `districts` (
  `id` int(11) NOT NULL,
  `name` varchar(128) COLLATE utf8_unicode_ci NOT NULL,
  `province_id` int(11) NOT NULL,
  `lat` varchar(191) COLLATE utf8_unicode_ci DEFAULT NULL,
  `lon` varchar(191) COLLATE utf8_unicode_ci DEFAULT NULL,
  `created_at` datetime DEFAULT CURRENT_TIMESTAMP,
  `updated_at` datetime DEFAULT CURRENT_TIMESTAMP
) ENGINE=InnoDB DEFAULT CHARSET=utf8 COLLATE=utf8_unicode_ci;

--
-- Dumping data for table `districts`
--

INSERT INTO `districts` (`id`, `name`, `province_id`, `lat`, `lon`, `created_at`, `updated_at`) VALUES
(101, 'Kabul', 10, '69.14180394', '34.5095507', '2019-08-05 04:49:14', '2019-08-05 04:49:14'),
(102, 'Deh Sabz', 10, '69.304792', '34.68065063', '2019-08-05 04:49:14', '2019-08-05 04:49:14'),
(103, 'Shakardara', 10, '69.04852796', '34.6610991', '2019-08-05 04:49:14', '2019-08-05 04:49:14'),
(104, 'Paghman', 10, '68.9490569', '34.53834984', '2019-08-05 04:49:14', '2019-08-05 04:49:14'),
(105, 'Chahar Asyab', 10, '69.06462447', '34.37379937', '2019-08-05 04:49:14', '2019-08-05 04:49:14'),
(106, 'Musayi', 10, '69.23589663', '34.37485013', '2019-08-05 04:49:14', '2019-08-05 04:49:14'),
(107, 'Bagrami', 10, '69.34833412', '34.50180067', '2019-08-05 04:49:14', '2019-08-05 04:49:14'),
(108, 'Qarabaagh', 10, '69.18235076', '34.85395006', '2019-08-05 04:49:14', '2019-08-05 04:49:14'),
(109, 'Kalakan', 10, '69.17378758', '34.75649963', '2019-08-05 04:49:14', '2019-08-05 04:49:14'),
(110, 'Mir Bacha Kot', 10, '69.11432259', '34.74375041', '2019-08-05 04:49:14', '2019-08-05 04:49:14'),
(111, 'Guldara', 10, '69.01092072', '34.73730046', '2019-08-05 04:49:14', '2019-08-05 04:49:14'),
(112, 'Khak-e- Jabbar', 10, '69.40141302', '34.35454969', '2019-08-05 04:49:14', '2019-08-05 04:49:14'),
(113, 'Surobi', 10, '69.69906246', '34.53589986', '2019-08-05 04:49:14', '2019-08-05 04:49:14'),
(114, 'Estalef', 10, '69.01883116', '34.85180051', '2019-08-05 04:49:14', '2019-08-05 04:49:14'),
(115, 'Farza', 10, '69.01752284', '34.79120053', '2019-08-05 04:49:14', '2019-08-05 04:49:14'),
(201, 'Mahmud-e- Raqi', 16, '69.41879862', '35.00624912', '2019-08-05 04:49:14', '2019-08-05 04:49:14'),
(202, 'Nejrab', 16, '69.64531476', '35.03255003', '2019-08-05 04:49:14', '2019-08-05 04:49:14'),
(203, 'Koh Band', 16, '69.464613', '35.10649942', '2019-08-05 04:49:14', '2019-08-05 04:49:14'),
(204, 'Hisa Duwum-e- Kohestan', 16, '69.32355646', '35.06109911', '2019-08-05 04:49:14', '2019-08-05 04:49:14'),
(205, 'Tagob', 16, '69.68256634', '34.7907996', '2019-08-05 04:49:14', '2019-08-05 04:49:14'),
(206, 'Alasay', 16, '69.79953666', '34.93690095', '2019-08-05 04:49:14', '2019-08-05 04:49:14'),
(207, 'Hesa Awal-e- Kohestan', 16, '69.34015942', '35.12979929', '2019-08-05 04:49:14', '2019-08-05 04:49:14'),
(301, 'Chaharikar', 17, '69.18010282', '35.00064984', '2019-08-05 04:49:14', '2019-08-05 04:49:14'),
(302, 'Jabalussaraj', 17, '69.23099386', '35.12825105', '2019-08-05 04:49:14', '2019-08-05 04:49:14'),
(303, 'Shinwari', 17, '68.99330378', '35.09880071', '2019-08-05 04:49:14', '2019-08-05 04:49:14'),
(304, 'Bagram', 17, '69.33542728', '34.92785097', '2019-08-05 04:49:14', '2019-08-05 04:49:14'),
(305, 'Sayd Khel', 17, '69.25981493', '35.05865068', '2019-08-05 04:49:14', '2019-08-05 04:49:14'),
(306, 'Salang', 17, '69.11619274', '35.27234955', '2019-08-05 04:49:14', '2019-08-05 04:49:14'),
(307, 'Syah Gerd', 17, '68.75110237', '35.00414993', '2019-08-05 04:49:14', '2019-08-05 04:49:14'),
(308, 'Koh-e- Safi', 17, '69.46742545', '34.7474499', '2019-08-05 04:49:14', '2019-08-05 04:49:14'),
(309, 'Shekh  Ali', 17, '68.43927404', '34.93029941', '2019-08-05 04:49:14', '2019-08-05 04:49:14'),
(310, 'Surkhe Parsa', 17, '68.60981075', '34.79005006', '2019-08-05 04:49:14', '2019-08-05 04:49:14'),
(401, 'Maydan Shahr', 13, '68.81395903', '34.44280083', '2019-08-05 04:49:14', '2019-08-05 04:49:14'),
(402, 'Jalrez', 13, '68.59720414', '34.50404996', '2019-08-05 04:49:14', '2019-08-05 04:49:14'),
(403, 'Nerkh', 13, '68.78364038', '34.30359936', '2019-08-05 04:49:14', '2019-08-05 04:49:14'),
(404, 'Hesa Awal-e- Behsud', 13, '68.19668206', '34.51740054', '2019-08-05 04:49:14', '2019-08-05 04:49:14'),
(405, 'Day Mirdad', 13, '68.30181192', '34.19499948', '2019-08-05 04:49:14', '2019-08-05 04:49:14'),
(406, 'Chak', 13, '68.46750151', '34.10139981', '2019-08-05 04:49:14', '2019-08-05 04:49:14'),
(407, 'Saydabad', 13, '68.6530996', '33.95624988', '2019-08-05 04:49:14', '2019-08-05 04:49:14'),
(408, 'Markaz-e-Behsud', 13, '67.73020816', '34.40874911', '2019-08-05 04:49:14', '2019-08-05 04:49:14'),
(409, 'Jaghatu', 13, '68.35575273', '33.85380082', '2019-08-05 04:49:14', '2019-08-05 04:49:14'),
(501, 'Pul-e- Alam', 11, '69.07171454', '33.98455008', '2019-08-05 04:49:14', '2019-08-05 04:49:14'),
(502, 'Khoshi', 11, '69.26846819', '33.99114931', '2019-08-05 04:49:14', '2019-08-05 04:49:14'),
(503, 'Mohammad Agha', 11, '69.1670721', '34.21090057', '2019-08-05 04:49:14', '2019-08-05 04:49:14'),
(504, 'Baraki Barak', 11, '68.88027385', '33.92455022', '2019-08-05 04:49:14', '2019-08-05 04:49:14'),
(505, 'Charkh', 11, '68.92710411', '33.81724923', '2019-08-05 04:49:14', '2019-08-05 04:49:14'),
(506, 'Kharwar', 11, '68.9299922', '33.71649934', '2019-08-05 04:49:14', '2019-08-05 04:49:14'),
(507, 'Azra', 11, '69.64183854', '34.08979972', '2019-08-05 04:49:14', '2019-08-05 04:49:14'),
(601, 'Jalalabad', 22, '70.45319152', '34.4322004', '2019-08-05 04:49:14', '2019-08-05 04:49:14'),
(602, 'Behsud', 22, '70.47288662', '34.45244901', '2019-08-05 04:49:14', '2019-08-05 04:49:14'),
(603, 'Surkh Rod', 22, '70.28538012', '34.39410014', '2019-08-05 04:49:14', '2019-08-05 04:49:14'),
(604, 'Khowgiani', 22, '70.18331874', '34.2301498', '2019-08-05 04:49:14', '2019-08-05 04:49:14'),
(605, 'Chaparhar', 22, '70.36104803', '34.26059973', '2019-08-05 04:49:14', '2019-08-05 04:49:14'),
(606, 'Rodat', 22, '70.55750682', '34.26084939', '2019-08-05 04:49:14', '2019-08-05 04:49:14'),
(607, 'Kama', 22, '70.64611079', '34.45094999', '2019-08-05 04:49:14', '2019-08-05 04:49:14'),
(608, 'Kuz Kunar', 22, '70.61528718', '34.55664941', '2019-08-05 04:49:14', '2019-08-05 04:49:14'),
(609, 'Dara-e-Nur', 22, '70.57954616', '34.70594948', '2019-08-05 04:49:14', '2019-08-05 04:49:14'),
(610, 'Hesarak', 22, '69.82682306', '34.25579989', '2019-08-05 04:49:14', '2019-08-05 04:49:14'),
(611, 'Sherzad', 22, '70.00199541', '34.20334975', '2019-08-05 04:49:14', '2019-08-05 04:49:14'),
(612, 'Pachier Agam', 22, '70.26429234', '34.10085008', '2019-08-05 04:49:14', '2019-08-05 04:49:14'),
(613, 'Deh Bala', 22, '70.42993522', '34.10275013', '2019-08-05 04:49:14', '2019-08-05 04:49:14'),
(614, 'Kot', 22, '70.58725612', '34.14314997', '2019-08-05 04:49:14', '2019-08-05 04:49:14'),
(615, 'Bati Kot', 22, '70.76219193', '34.30140042', '2019-08-05 04:49:14', '2019-08-05 04:49:14'),
(616, 'Goshta', 22, '70.85240976', '34.41709954', '2019-08-05 04:49:14', '2019-08-05 04:49:14'),
(617, 'Achin', 22, '70.67248302', '34.09119959', '2019-08-05 04:49:14', '2019-08-05 04:49:14'),
(618, 'Shinwar', 22, '70.79337251', '34.19785066', '2019-08-05 04:49:14', '2019-08-05 04:49:14'),
(619, 'Muhmand Dara', 22, '70.99639575', '34.22505033', '2019-08-05 04:49:14', '2019-08-05 04:49:14'),
(620, 'Lal Pur', 22, '71.03523129', '34.35095016', '2019-08-05 04:49:14', '2019-08-05 04:49:14'),
(621, 'Nazian', 22, '70.82687811', '34.04550023', '2019-08-05 04:49:14', '2019-08-05 04:49:14'),
(622, 'Dur Baba', 22, '70.97613694', '34.09820016', '2019-08-05 04:49:14', '2019-08-05 04:49:14'),
(701, 'Mehtarlam', 20, '70.20694164', '34.6701509', '2019-08-05 04:49:14', '2019-08-05 04:49:14'),
(702, 'Alishang', 20, '70.0669757', '34.83410006', '2019-08-05 04:49:14', '2019-08-05 04:49:14'),
(703, 'Qarghayi', 20, '70.1421612', '34.55480091', '2019-08-05 04:49:14', '2019-08-05 04:49:14'),
(704, 'Alingar', 20, '70.40546473', '34.79729907', '2019-08-05 04:49:14', '2019-08-05 04:49:14'),
(705, 'Daulat Shah', 20, '70.00754019', '35.05319983', '2019-08-05 04:49:14', '2019-08-05 04:49:14'),
(801, 'Bazarak', 12, '69.52584509', '35.35244955', '2019-08-05 04:49:14', '2019-08-05 04:49:14'),
(802, 'Shutul', 12, '69.30512669', '35.29744933', '2019-08-05 04:49:14', '2019-08-05 04:49:14'),
(803, 'Rukha', 12, '69.48038282', '35.26025041', '2019-08-05 04:49:14', '2019-08-05 04:49:14'),
(804, 'Dara', 12, '69.77061517', '35.22804975', '2019-08-05 04:49:14', '2019-08-05 04:49:14'),
(805, 'Khenj (Hes-e- Awal)', 12, '69.78640766', '35.42760017', '2019-08-05 04:49:14', '2019-08-05 04:49:14'),
(806, 'Onaba(Anawa)', 12, '69.39840114', '35.22844949', '2019-08-05 04:49:14', '2019-08-05 04:49:14'),
(807, 'Parian', 12, '70.00458944', '35.64829965', '2019-08-05 04:49:14', '2019-08-05 04:49:14'),
(901, 'Pul-e- khumri', 6, '68.70852778', '36.0071507', '2019-08-05 04:49:14', '2019-08-05 04:49:14'),
(902, 'Baghlan-e-jadid', 6, '68.64390048', '36.29989962', '2019-08-05 04:49:14', '2019-08-05 04:49:14'),
(903, 'Dahana-e-Ghory', 6, '68.51599132', '35.84130024', '2019-08-05 04:49:14', '2019-08-05 04:49:14'),
(904, 'Dushi', 6, '68.62290335', '35.661601', '2019-08-05 04:49:14', '2019-08-05 04:49:14'),
(905, 'Nahrin', 6, '69.02610341', '36.00714935', '2019-08-05 04:49:14', '2019-08-05 04:49:14'),
(906, 'Tala wa barfak', 6, '68.48144231', '35.30880019', '2019-08-05 04:49:14', '2019-08-05 04:49:14'),
(907, 'Khenjan', 6, '69.00743873', '35.46720035', '2019-08-05 04:49:14', '2019-08-05 04:49:14'),
(908, 'Andarab', 6, '69.21360897', '35.62805107', '2019-08-05 04:49:14', '2019-08-05 04:49:14'),
(909, 'Khwaja Hejran', 6, '69.28774848', '35.9720001', '2019-08-05 04:49:14', '2019-08-05 04:49:14'),
(910, 'Burka', 6, '69.117652', '36.25969979', '2019-08-05 04:49:14', '2019-08-05 04:49:14'),
(911, 'Pul-e-Hesar', 6, '69.58193587', '35.58744999', '2019-08-05 04:49:14', '2019-08-05 04:49:14'),
(912, 'Deh Salah', 6, '69.3717336', '35.73195011', '2019-08-05 04:49:14', '2019-08-05 04:49:14'),
(913, 'Khowst wa Fereng', 6, '69.67468863', '35.92170019', '2019-08-05 04:49:14', '2019-08-05 04:49:14'),
(914, 'Guzargah-e- Nur', 6, '69.58108263', '36.24940062', '2019-08-05 04:49:14', '2019-08-05 04:49:14'),
(915, 'Firing Wa Gharu', 6, '69.67554646', '36.1415509', '2019-08-05 04:49:14', '2019-08-05 04:49:14'),
(1001, 'Bamyan', 15, '67.67466969', '34.78379975', '2019-08-05 04:49:14', '2019-08-05 04:49:14'),
(1002, 'Sayghan', 15, '67.61320137', '35.11035013', '2019-08-05 04:49:14', '2019-08-05 04:49:14'),
(1003, 'Yakawlang', 15, '66.88032752', '34.9943499', '2019-08-05 04:49:14', '2019-08-05 04:49:14'),
(1004, 'Panjab', 15, '66.89713989', '34.41510092', '2019-08-05 04:49:14', '2019-08-05 04:49:14'),
(1005, 'Shibar', 15, '68.09044794', '34.9182992', '2019-08-05 04:49:14', '2019-08-05 04:49:14'),
(1006, 'Kahmard', 15, '67.76568054', '35.3409003', '2019-08-05 04:49:14', '2019-08-05 04:49:14'),
(1007, 'Waras', 15, '66.93659971', '34.1489005', '2019-08-05 04:49:14', '2019-08-05 04:49:14'),
(1101, 'Ghazni', 27, '68.42966809', '33.53079987', '2019-08-05 04:49:15', '2019-08-05 04:49:15'),
(1102, 'Khwaja Umari', 27, '68.42677605', '33.68219996', '2019-08-05 04:49:15', '2019-08-05 04:49:15'),
(1103, 'Wali Muhammad-e- Shahid', 27, '68.29186131', '33.56704995', '2019-08-05 04:49:15', '2019-08-05 04:49:15'),
(1104, 'Waghaz', 27, '68.20678382', '33.40735073', '2019-08-05 04:49:15', '2019-08-05 04:49:15'),
(1105, 'Andar', 27, '68.42367524', '33.31140004', '2019-08-05 04:49:15', '2019-08-05 04:49:15'),
(1106, 'Deh Yak', 27, '68.65263537', '33.45419988', '2019-08-05 04:49:15', '2019-08-05 04:49:15'),
(1107, 'Zana Khan', 27, '68.65750867', '33.69199993', '2019-08-05 04:49:15', '2019-08-05 04:49:15'),
(1108, 'Rashidan', 27, '68.17148991', '33.6907997', '2019-08-05 04:49:15', '2019-08-05 04:49:15'),
(1109, 'Jaghaatu', 27, '68.07426102', '33.51800004', '2019-08-05 04:49:15', '2019-08-05 04:49:15'),
(1110, 'Qarabagh', 27, '68.02056', '33.22089987', '2019-08-05 04:49:15', '2019-08-05 04:49:15'),
(1111, 'Giro', 27, '68.30646261', '33.05430013', '2019-08-05 04:49:15', '2019-08-05 04:49:15'),
(1112, 'Nawur', 27, '67.692161', '33.77389977', '2019-08-05 04:49:15', '2019-08-05 04:49:15'),
(1113, 'Jaghuri', 27, '67.41925615', '33.1624499', '2019-08-05 04:49:15', '2019-08-05 04:49:15'),
(1114, 'Muqor', 27, '67.76892857', '32.94235006', '2019-08-05 04:49:15', '2019-08-05 04:49:15'),
(1115, 'Ab Band', 27, '68.07712212', '32.87130053', '2019-08-05 04:49:15', '2019-08-05 04:49:15'),
(1116, 'Ajrestan', 27, '67.07806091', '33.52444915', '2019-08-05 04:49:15', '2019-08-05 04:49:15'),
(1117, 'Malestan', 27, '67.20066559', '33.27284901', '2019-08-05 04:49:15', '2019-08-05 04:49:15'),
(1118, 'Gelan', 27, '67.6570753', '32.72459934', '2019-08-05 04:49:15', '2019-08-05 04:49:15'),
(1119, 'Nawa', 27, '67.90423477', '32.32485038', '2019-08-05 04:49:15', '2019-08-05 04:49:15'),
(1201, 'Gardez', 21, '69.21557032', '33.61384907', '2019-08-05 04:49:14', '2019-08-05 04:49:14'),
(1202, 'Sayed Karam', 21, '69.47871302', '33.72389947', '2019-08-05 04:49:14', '2019-08-05 04:49:14'),
(1203, 'Ahmadaba', 21, '69.29716819', '33.7663496', '2019-08-05 04:49:14', '2019-08-05 04:49:14'),
(1204, 'Zurmat', 21, '69.10682983', '33.38284942', '2019-08-05 04:49:14', '2019-08-05 04:49:14'),
(1205, 'Shawak', 21, '69.34960665', '33.44845009', '2019-08-05 04:49:14', '2019-08-05 04:49:14'),
(1206, 'Zadran', 21, '69.39627002', '33.37579986', '2019-08-05 04:49:14', '2019-08-05 04:49:14'),
(1207, 'Lija Ahmad Khel', 21, '69.66493635', '33.8073003', '2019-08-05 04:49:14', '2019-08-05 04:49:14'),
(1208, 'Ali Khel (Jaji)', 21, '69.68133579', '33.97409919', '2019-08-05 04:49:14', '2019-08-05 04:49:14'),
(1209, 'Jaani Khel', 21, '69.77873348', '33.63969964', '2019-08-05 04:49:14', '2019-08-05 04:49:14'),
(1210, 'Chamkani', 21, '69.81640581', '33.79069934', '2019-08-05 04:49:14', '2019-08-05 04:49:14'),
(1211, 'Dand wa Patan', 21, '69.92173409', '33.78740033', '2019-08-05 04:49:14', '2019-08-05 04:49:14'),
(1301, 'Asad Abad', 23, '71.1177149', '34.8637995', '2019-08-05 04:49:14', '2019-08-05 04:49:14'),
(1302, 'Wata Pur', 23, '71.07877261', '35.00919959', '2019-08-05 04:49:14', '2019-08-05 04:49:14'),
(1303, 'Narang', 23, '70.98708352', '34.8036501', '2019-08-05 04:49:14', '2019-08-05 04:49:14'),
(1304, 'Sarkani', 23, '71.15547864', '34.76635075', '2019-08-05 04:49:14', '2019-08-05 04:49:14'),
(1305, 'Marawara', 23, '71.2212515', '34.8616493', '2019-08-05 04:49:14', '2019-08-05 04:49:14'),
(1306, 'Shigal wa shel tan', 23, '71.21512273', '35.04604968', '2019-08-05 04:49:14', '2019-08-05 04:49:14'),
(1307, 'Dara-e-Pech', 23, '70.91180907', '34.95565016', '2019-08-05 04:49:14', '2019-08-05 04:49:14'),
(1308, 'Chawkay', 23, '70.89981693', '34.73650024', '2019-08-05 04:49:14', '2019-08-05 04:49:14'),
(1309, 'Khas Kunar', 23, '70.96458552', '34.62525014', '2019-08-05 04:49:14', '2019-08-05 04:49:14'),
(1310, 'Dangam', 23, '71.41209202', '35.00044995', '2019-08-05 04:49:14', '2019-08-05 04:49:14'),
(1311, 'Bar Kunar', 23, '71.3860143', '35.06139899', '2019-08-05 04:49:14', '2019-08-05 04:49:14'),
(1312, 'Ghazi Abad', 23, '71.31026545', '35.24230016', '2019-08-05 04:49:14', '2019-08-05 04:49:14'),
(1313, 'Chapa Dara', 23, '70.69326219', '34.95949983', '2019-08-05 04:49:14', '2019-08-05 04:49:14'),
(1314, 'Nurgal', 23, '70.74035177', '34.70595052', '2019-08-05 04:49:14', '2019-08-05 04:49:14'),
(1315, 'Nari', 23, '71.50076892', '35.28285056', '2019-08-05 04:49:14', '2019-08-05 04:49:14'),
(1401, 'Poruns', 24, '70.78204792', '35.43490097', '2019-08-05 04:49:15', '2019-08-05 04:49:15'),
(1402, 'Mandol', 24, '70.23621507', '35.39620003', '2019-08-05 04:49:15', '2019-08-05 04:49:15'),
(1403, 'Du Ab', 24, '70.40512112', '35.22640017', '2019-08-05 04:49:15', '2019-08-05 04:49:15'),
(1404, 'Nurgaram', 24, '70.49972216', '35.10535102', '2019-08-05 04:49:15', '2019-08-05 04:49:15'),
(1405, 'Wama', 24, '70.7831181', '35.19139971', '2019-08-05 04:49:15', '2019-08-05 04:49:15'),
(1406, 'Waygal', 24, '71.0557624', '35.24004986', '2019-08-05 04:49:14', '2019-08-05 04:49:14'),
(1407, 'Kamdesh', 24, '71.34152286', '35.47704992', '2019-08-05 04:49:14', '2019-08-05 04:49:14'),
(1408, 'Barg-e- Matal', 24, '71.2522332', '35.80670061', '2019-08-05 04:49:14', '2019-08-05 04:49:14'),
(1501, 'Faiz-Abad', 1, '70.60234226', '37.19409936', '2019-08-05 04:49:14', '2019-08-05 04:49:14'),
(1502, 'Yaftal-e-Sufla', 1, '70.38504861', '37.31640038', '2019-08-05 04:49:14', '2019-08-05 04:49:14'),
(1503, 'Argo', 1, '70.42897207', '37.05030098', '2019-08-05 04:49:14', '2019-08-05 04:49:14'),
(1504, 'Arghanj Khwa', 1, '70.85587227', '37.29225078', '2019-08-05 04:49:14', '2019-08-05 04:49:14'),
(1505, 'Kohistaan', 1, '70.62755057', '37.41799999', '2019-08-05 04:49:14', '2019-08-05 04:49:14'),
(1506, 'Raghistan', 1, '70.61160399', '37.68435047', '2019-08-05 04:49:14', '2019-08-05 04:49:14'),
(1507, 'Yawan', 1, '70.40450813', '37.51719988', '2019-08-05 04:49:14', '2019-08-05 04:49:14'),
(1508, 'Shahr-e-Buzorg', 1, '70.12547293', '37.3218499', '2019-08-05 04:49:14', '2019-08-05 04:49:14'),
(1509, 'Teshkan', 1, '70.3501217', '36.79555002', '2019-08-05 04:49:14', '2019-08-05 04:49:14'),
(1510, 'Darayem', 1, '70.47996568', '36.87630094', '2019-08-05 04:49:14', '2019-08-05 04:49:14'),
(1511, 'Khash', 1, '70.72576568', '36.95895007', '2019-08-05 04:49:14', '2019-08-05 04:49:14'),
(1512, 'Bahaarak', 1, '70.87411255', '37.03875002', '2019-08-05 04:49:14', '2019-08-05 04:49:14'),
(1513, 'Shuhada', 1, '71.14987294', '37.07250012', '2019-08-05 04:49:14', '2019-08-05 04:49:14'),
(1514, 'Shighnan', 1, '71.21272116', '37.62044947', '2019-08-05 04:49:14', '2019-08-05 04:49:14'),
(1515, 'Darwaz-e-Balla', 1, '71.21958224', '38.11355011', '2019-08-05 04:49:14', '2019-08-05 04:49:14'),
(1516, 'Kof Ab', 1, '70.74481863', '37.92774976', '2019-08-05 04:49:14', '2019-08-05 04:49:14'),
(1517, 'Khwahan', 1, '70.3982025', '37.8416991', '2019-08-05 04:49:14', '2019-08-05 04:49:14'),
(1518, 'Keshem', 1, '70.15505602', '36.74274998', '2019-08-05 04:49:14', '2019-08-05 04:49:14'),
(1519, 'Tagaab', 1, '70.34049064', '36.49115005', '2019-08-05 04:49:14', '2019-08-05 04:49:14'),
(1520, 'Yamgan', 1, '70.84419008', '36.43449987', '2019-08-05 04:49:14', '2019-08-05 04:49:14'),
(1521, 'Jorm', 1, '70.85058714', '36.74875029', '2019-08-05 04:49:14', '2019-08-05 04:49:14'),
(1522, 'Warduj', 1, '71.19760315', '36.78520053', '2019-08-05 04:49:14', '2019-08-05 04:49:14'),
(1523, 'Ishkashem', 1, '71.43181738', '36.89839998', '2019-08-05 04:49:14', '2019-08-05 04:49:14'),
(1524, 'Darwaz', 1, '70.90282716', '38.23690048', '2019-08-05 04:49:14', '2019-08-05 04:49:14'),
(1525, 'Shaki', 1, '70.62836951', '38.22710034', '2019-08-05 04:49:14', '2019-08-05 04:49:14'),
(1526, 'Koran wa Monjan', 1, '70.69196949', '35.87725027', '2019-08-05 04:49:14', '2019-08-05 04:49:14'),
(1527, 'Zebak', 1, '71.35771341', '36.42740006', '2019-08-05 04:49:14', '2019-08-05 04:49:14'),
(1528, 'Wakhan', 1, '73.2701502', '36.93290016', '2019-08-05 04:49:14', '2019-08-05 04:49:14'),
(1601, 'Taloqan', 5, '69.56200375', '36.73490001', '2019-08-05 04:49:14', '2019-08-05 04:49:14'),
(1602, 'Hazar Sumuch', 5, '69.57385252', '36.9401005', '2019-08-05 04:49:14', '2019-08-05 04:49:14'),
(1603, 'Baharak', 5, '69.401197', '36.83384976', '2019-08-05 04:49:14', '2019-08-05 04:49:14'),
(1604, 'Bangi', 5, '69.33684603', '36.65060036', '2019-08-05 04:49:14', '2019-08-05 04:49:14'),
(1605, 'Chal', 5, '69.54068921', '36.51005051', '2019-08-05 04:49:14', '2019-08-05 04:49:14'),
(1606, 'Namak Ab', 5, '69.7266253', '36.44389928', '2019-08-05 04:49:14', '2019-08-05 04:49:14'),
(1607, 'Farkhar', 5, '69.95407757', '36.49824999', '2019-08-05 04:49:14', '2019-08-05 04:49:14'),
(1608, 'Kalafgan', 5, '69.89677193', '36.79169978', '2019-08-05 04:49:14', '2019-08-05 04:49:14'),
(1609, 'Rostaq', 5, '69.80416662', '37.11130082', '2019-08-05 04:49:14', '2019-08-05 04:49:14'),
(1610, 'Chah Ab', 5, '69.88359183', '37.45334963', '2019-08-05 04:49:14', '2019-08-05 04:49:14'),
(1611, 'Yangi Qala', 5, '69.66683758', '37.47910066', '2019-08-05 04:49:14', '2019-08-05 04:49:14'),
(1612, 'Khwaja Bahawuddin', 5, '69.57866328', '37.3376497', '2019-08-05 04:49:14', '2019-08-05 04:49:14'),
(1613, 'Dasht-e-Qala', 5, '69.49629771', '37.18590007', '2019-08-05 04:49:14', '2019-08-05 04:49:14'),
(1614, 'Khwaja Ghar', 5, '69.4059797', '37.03075005', '2019-08-05 04:49:14', '2019-08-05 04:49:14'),
(1615, 'Ishkamish', 5, '69.43661489', '36.37560088', '2019-08-05 04:49:14', '2019-08-05 04:49:14'),
(1616, 'Warsaj', 5, '70.14274279', '36.05524924', '2019-08-05 04:49:14', '2019-08-05 04:49:14'),
(1617, 'Darqad', 5, '69.48112742', '37.44215004', '2019-08-05 04:49:14', '2019-08-05 04:49:14'),
(1701, 'Kunduz', 8, '68.82434847', '36.78985062', '2019-08-05 04:49:14', '2019-08-05 04:49:14'),
(1702, 'Imam Saheb', 8, '68.80155401', '37.10959971', '2019-08-05 04:49:14', '2019-08-05 04:49:14'),
(1703, 'Qala-e-Zal', 8, '68.37469462', '36.88564989', '2019-08-05 04:49:14', '2019-08-05 04:49:14'),
(1704, 'Chahar Darah', 8, '68.58615769', '36.68040055', '2019-08-05 04:49:14', '2019-08-05 04:49:14'),
(1705, 'Ali Abad', 8, '68.84301434', '36.53655002', '2019-08-05 04:49:14', '2019-08-05 04:49:14'),
(1706, 'Khan Abad', 8, '69.11373669', '36.60975006', '2019-08-05 04:49:14', '2019-08-05 04:49:14'),
(1707, 'Dasht-e-Archi', 8, '69.15484665', '36.95314954', '2019-08-05 04:49:14', '2019-08-05 04:49:14'),
(1801, 'Mazar-e-Sharif', 7, '67.1162894', '36.70699974', '2019-08-05 04:49:14', '2019-08-05 04:49:14'),
(1802, 'Nahr-e- Shahi', 7, '67.186035', '36.83430001', '2019-08-05 04:49:14', '2019-08-05 04:49:14'),
(1803, 'Shor Tepa', 7, '66.82704962', '37.23485076', '2019-08-05 04:49:14', '2019-08-05 04:49:14'),
(1804, 'Dawlat Abad', 7, '66.80537566', '37.0516509', '2019-08-05 04:49:14', '2019-08-05 04:49:14'),
(1805, 'Balkh', 7, '66.88615587', '36.80394964', '2019-08-05 04:49:14', '2019-08-05 04:49:14'),
(1806, 'Deh Dadi', 7, '67.00168687', '36.63474954', '2019-08-05 04:49:14', '2019-08-05 04:49:14'),
(1807, 'Chahar Kent', 7, '67.23359856', '36.35979958', '2019-08-05 04:49:14', '2019-08-05 04:49:14'),
(1808, 'Marmul', 7, '67.35627005', '36.62565079', '2019-08-05 04:49:14', '2019-08-05 04:49:14'),
(1809, 'Khulm', 7, '67.712282', '36.8125502', '2019-08-05 04:49:14', '2019-08-05 04:49:14'),
(1810, 'Kaldar', 7, '67.57428009', '37.14130042', '2019-08-05 04:49:14', '2019-08-05 04:49:14'),
(1811, 'Sharak-e-Hayratan', 7, '67.36015885', '37.18930002', '2019-08-05 04:49:14', '2019-08-05 04:49:14'),
(1812, 'Chahar Bolak', 7, '66.65670093', '36.85074982', '2019-08-05 04:49:14', '2019-08-05 04:49:14'),
(1813, 'Chemtal', 7, '66.623436', '36.5090495', '2019-08-05 04:49:14', '2019-08-05 04:49:14'),
(1814, 'Sholgareh', 7, '66.88521865', '36.34180075', '2019-08-05 04:49:14', '2019-08-05 04:49:14'),
(1815, 'Kishindeh', 7, '66.99528882', '35.94704975', '2019-08-05 04:49:14', '2019-08-05 04:49:14'),
(1816, 'Zari', 7, '66.7656034', '35.86230034', '2019-08-05 04:49:14', '2019-08-05 04:49:14'),
(1901, 'Aybak', 4, '68.01453315', '36.20479985', '2019-08-05 04:49:14', '2019-08-05 04:49:14'),
(1902, 'Hazrat Sultan', 4, '67.98211866', '36.36904907', '2019-08-05 04:49:14', '2019-08-05 04:49:14'),
(1903, 'Feroz Nakhchir', 4, '67.5809481', '36.4716499', '2019-08-05 04:49:14', '2019-08-05 04:49:14'),
(1904, 'Darah Suf-e- Payin', 4, '67.34672432', '35.99994915', '2019-08-05 04:49:14', '2019-08-05 04:49:14'),
(1905, 'Darah Suf-e-Bala', 4, '67.24701139', '35.68289929', '2019-08-05 04:49:14', '2019-08-05 04:49:14'),
(1906, 'Khuram wa Sarbagh', 4, '68.00122512', '35.97619949', '2019-08-05 04:49:14', '2019-08-05 04:49:14'),
(1907, 'Ruy-e-Du Ab', 4, '67.80836352', '35.66920038', '2019-08-05 04:49:14', '2019-08-05 04:49:14'),
(2001, 'Sari Pul', 2, '65.96816078', '36.22579945', '2019-08-05 04:49:14', '2019-08-05 04:49:14'),
(2002, 'Sayad', 2, '65.69155944', '36.17675', '2019-08-05 04:49:14', '2019-08-05 04:49:14'),
(2003, 'Kohistanat', 2, '65.8000941', '35.43580038', '2019-08-05 04:49:14', '2019-08-05 04:49:14'),
(2004, 'Sozma Qala', 2, '66.21594015', '36.00809919', '2019-08-05 04:49:14', '2019-08-05 04:49:14'),
(2005, 'Gosfandi', 2, '66.54892534', '36.0149004', '2019-08-05 04:49:14', '2019-08-05 04:49:14'),
(2006, 'Balkh Ab', 2, '66.57168528', '35.44229977', '2019-08-05 04:49:14', '2019-08-05 04:49:14'),
(2007, 'Sang(San)Charak', 2, '66.36732034', '35.86680074', '2019-08-05 04:49:14', '2019-08-05 04:49:14'),
(2101, 'Chaghcharan', 32, '65.11731755', '34.69420105', '2019-08-05 04:49:15', '2019-08-05 04:49:15'),
(2102, 'Chahar Sadra', 32, '65.18468493', '35.10650002', '2019-08-05 04:49:15', '2019-08-05 04:49:15'),
(2103, 'Du Lina', 32, '65.06604042', '34.12769901', '2019-08-05 04:49:15', '2019-08-05 04:49:15'),
(2104, 'Dawlat Yar', 32, '65.74933172', '34.59815098', '2019-08-05 04:49:15', '2019-08-05 04:49:15'),
(2105, 'Shahrak', 32, '64.31167173', '34.08630002', '2019-08-05 04:49:15', '2019-08-05 04:49:15'),
(2106, 'Taywarah', 32, '64.3917954', '33.46835089', '2019-08-05 04:49:15', '2019-08-05 04:49:15'),
(2107, 'Pasaband', 32, '65.1415439', '33.57884956', '2019-08-05 04:49:15', '2019-08-05 04:49:15'),
(2108, 'Lal Wa Sarjangal', 32, '66.33375463', '34.61734988', '2019-08-05 04:49:15', '2019-08-05 04:49:15'),
(2109, 'Tolak', 32, '63.73111336', '33.97239958', '2019-08-05 04:49:15', '2019-08-05 04:49:15'),
(2110, 'Saghar', 32, '63.60983267', '33.61799998', '2019-08-05 04:49:15', '2019-08-05 04:49:15'),
(2201, 'Nili', 14, '66.06583152', '33.76160043', '2019-08-05 04:49:14', '2019-08-05 04:49:14'),
(2202, 'Ashtarlay', 14, '66.29434332', '34.09220098', '2019-08-05 04:49:14', '2019-08-05 04:49:14'),
(2203, 'Khadir', 14, '65.76735706', '33.90520083', '2019-08-05 04:49:14', '2019-08-05 04:49:14'),
(2204, 'kiti', 14, '65.66986869', '33.58205094', '2019-08-05 04:49:14', '2019-08-05 04:49:14'),
(2205, 'Gizab', 14, '66.35453034', '33.37370034', '2019-08-05 04:49:14', '2019-08-05 04:49:14'),
(2206, 'Shahristan', 14, '66.45263813', '33.72215002', '2019-08-05 04:49:14', '2019-08-05 04:49:14'),
(2207, 'Sang-e-Takht', 14, '65.96325333', '34.16735097', '2019-08-05 04:49:14', '2019-08-05 04:49:14'),
(2208, 'Kajran', 14, '65.59215168', '33.17569907', '2019-08-05 04:49:14', '2019-08-05 04:49:14'),
(2209, 'Miramor', 14, '67.036106', '33.80864935', '2019-08-05 04:49:14', '2019-08-05 04:49:14'),
(2301, 'Tirin Kot', 26, '65.936022', '32.72595026', '2019-08-05 04:49:15', '2019-08-05 04:49:15'),
(2302, 'Chora', 26, '66.14795358', '32.89014905', '2019-08-05 04:49:15', '2019-08-05 04:49:15'),
(2303, 'Shahid-e-Hassas', 26, '65.50711457', '32.91079995', '2019-08-05 04:49:15', '2019-08-05 04:49:15'),
(2304, 'Dehrawud', 26, '65.41445134', '32.54174992', '2019-08-05 04:49:15', '2019-08-05 04:49:15'),
(2305, 'Khas Uruzgan', 26, '66.66063279', '32.98350097', '2019-08-05 04:49:15', '2019-08-05 04:49:15'),
(2401, 'Qalat', 25, '66.99490723', '32.21839991', '2019-08-05 04:49:15', '2019-08-05 04:49:15'),
(2402, 'Arghandob', 25, '66.99373729', '32.50349994', '2019-08-05 04:49:15', '2019-08-05 04:49:15'),
(2403, 'Mizan', 25, '66.51773167', '32.17734931', '2019-08-05 04:49:15', '2019-08-05 04:49:15'),
(2404, 'Tarnak Wa Jaldak', 25, '66.56543055', '31.91540067', '2019-08-05 04:49:15', '2019-08-05 04:49:15'),
(2405, 'Shinkay', 25, '67.13206896', '31.94280092', '2019-08-05 04:49:15', '2019-08-05 04:49:15'),
(2406, 'Shah Joy', 25, '67.38316758', '32.49209931', '2019-08-05 04:49:15', '2019-08-05 04:49:15'),
(2407, 'Kakar', 25, '67.22568965', '32.87220086', '2019-08-05 04:49:15', '2019-08-05 04:49:15'),
(2408, 'Day chopan', 25, '66.65903728', '32.60670083', '2019-08-05 04:49:15', '2019-08-05 04:49:15'),
(2409, 'Atghar', 25, '67.38623234', '31.72494914', '2019-08-05 04:49:15', '2019-08-05 04:49:15'),
(2410, 'Shomulzay', 25, '67.78228199', '31.81150054', '2019-08-05 04:49:15', '2019-08-05 04:49:15'),
(2411, 'Naw Bahar', 25, '67.56551474', '32.22995073', '2019-08-05 04:49:15', '2019-08-05 04:49:15'),
(2501, 'Sharan', 19, '68.73246269', '33.24175055', '2019-08-05 04:49:14', '2019-08-05 04:49:14'),
(2502, 'Mata Khan', 19, '68.89304364', '33.26339984', '2019-08-05 04:49:14', '2019-08-05 04:49:14'),
(2503, 'Yosuf Khel', 19, '68.6838237', '33.03369945', '2019-08-05 04:49:14', '2019-08-05 04:49:14'),
(2504, 'Sar Hawzeh(Rawzeh)', 19, '69.02580228', '33.05514953', '2019-08-05 04:49:14', '2019-08-05 04:49:14'),
(2505, 'Zarghun Shahr', 19, '68.43730421', '32.85915063', '2019-08-05 04:49:14', '2019-08-05 04:49:14'),
(2506, 'Yahya Khel', 19, '68.64661821', '32.89344957', '2019-08-05 04:49:14', '2019-08-05 04:49:14'),
(2507, 'Omna', 19, '68.83280901', '32.90125002', '2019-08-05 04:49:14', '2019-08-05 04:49:14'),
(2508, 'Gomal', 19, '68.8965885', '32.38550023', '2019-08-05 04:49:14', '2019-08-05 04:49:14'),
(2509, 'Sarobi', 19, '69.03225164', '32.73634974', '2019-08-05 04:49:14', '2019-08-05 04:49:14'),
(2510, 'Urgun', 19, '69.2203255', '32.99629977', '2019-08-05 04:49:14', '2019-08-05 04:49:14'),
(2511, 'Nika', 19, '69.24204517', '33.19844985', '2019-08-05 04:49:14', '2019-08-05 04:49:14'),
(2512, 'Jani Khel', 19, '68.52508722', '32.64949922', '2019-08-05 04:49:14', '2019-08-05 04:49:14'),
(2513, 'Waza Khah', 19, '68.39556947', '32.28090072', '2019-08-05 04:49:14', '2019-08-05 04:49:14'),
(2514, 'Wor Mamay', 19, '68.85091481', '31.95645071', '2019-08-05 04:49:14', '2019-08-05 04:49:14'),
(2515, 'Bermel (Burmul)', 19, '69.25712222', '32.69984995', '2019-08-05 04:49:14', '2019-08-05 04:49:14'),
(2516, 'Gian', 19, '69.40688912', '32.95665025', '2019-08-05 04:49:14', '2019-08-05 04:49:14'),
(2517, 'Ziruk', 19, '69.33739154', '33.17335046', '2019-08-05 04:49:14', '2019-08-05 04:49:14'),
(2518, 'Dila', 19, '68.15873384', '32.53369921', '2019-08-05 04:49:14', '2019-08-05 04:49:14'),
(2519, 'Turwo (Tarwe)', 19, '68.29200082', '31.93120053', '2019-08-05 04:49:14', '2019-08-05 04:49:14'),
(2601, 'Khost(Matun)', 18, '70.00900592', '33.32029939', '2019-08-05 04:49:14', '2019-08-05 04:49:14'),
(2602, 'Sabri', 18, '69.88736723', '33.53369933', '2019-08-05 04:49:14', '2019-08-05 04:49:14'),
(2603, 'Musa Khel', 18, '69.55272111', '33.55500032', '2019-08-05 04:49:14', '2019-08-05 04:49:14'),
(2604, 'Nadir Shah Kot', 18, '69.68979442', '33.37039979', '2019-08-05 04:49:14', '2019-08-05 04:49:14'),
(2605, 'Mando Zayi', 18, '69.78059841', '33.31604948', '2019-08-05 04:49:14', '2019-08-05 04:49:14'),
(2606, 'Tani', 18, '69.72644164', '33.19444923', '2019-08-05 04:49:14', '2019-08-05 04:49:14'),
(2607, 'Gurbuz', 18, '69.96779791', '33.21160012', '2019-08-05 04:49:14', '2019-08-05 04:49:14'),
(2608, 'Tere Zayi', 18, '70.22034423', '33.36075012', '2019-08-05 04:49:14', '2019-08-05 04:49:14'),
(2609, 'Qalandar', 18, '69.65974094', '33.50280015', '2019-08-05 04:49:14', '2019-08-05 04:49:14'),
(2610, 'Shamal (Shamul)', 18, '69.5270665', '33.30650059', '2019-08-05 04:49:14', '2019-08-05 04:49:14'),
(2611, 'Spera', 18, '69.50337724', '33.14400003', '2019-08-05 04:49:14', '2019-08-05 04:49:14'),
(2612, 'Bak', 18, '70.07257809', '33.54315085', '2019-08-05 04:49:14', '2019-08-05 04:49:14'),
(2613, 'Jaji Maydan', 18, '70.07622099', '33.62979998', '2019-08-05 04:49:14', '2019-08-05 04:49:14'),
(2701, 'Shiberghan', 9, '65.76169121', '36.5945993', '2019-08-05 04:49:14', '2019-08-05 04:49:14'),
(2702, 'Mingajik', 9, '66.00080692', '37.06430017', '2019-08-05 04:49:14', '2019-08-05 04:49:14'),
(2703, 'Khwaja Du Koh', 9, '65.60868632', '36.97660062', '2019-08-05 04:49:14', '2019-08-05 04:49:14'),
(2704, 'Qush Tepa', 9, '65.35652066', '36.21649989', '2019-08-05 04:49:14', '2019-08-05 04:49:14'),
(2705, 'Fayz Abad', 9, '66.3527875', '36.7275505', '2019-08-05 04:49:14', '2019-08-05 04:49:14'),
(2706, 'Khanaqa', 9, '66.16575637', '36.80289962', '2019-08-05 04:49:14', '2019-08-05 04:49:14'),
(2707, 'Aqcha', 9, '66.2047561', '36.88964914', '2019-08-05 04:49:14', '2019-08-05 04:49:14'),
(2708, 'Mardyan', 9, '66.32873642', '37.02029959', '2019-08-05 04:49:14', '2019-08-05 04:49:14'),
(2709, 'Qarqin', 9, '66.09099405', '37.29245097', '2019-08-05 04:49:14', '2019-08-05 04:49:14'),
(2710, 'Khamyab', 9, '65.73680786', '37.32460033', '2019-08-05 04:49:14', '2019-08-05 04:49:14'),
(2711, 'Darz Ab', 9, '65.35392507', '36.01460054', '2019-08-05 04:49:14', '2019-08-05 04:49:14'),
(2801, 'Maymana', 3, '64.78579133', '35.93859981', '2019-08-05 04:49:14', '2019-08-05 04:49:14'),
(2802, 'Khwaja Sabzposh', 3, '64.99071402', '36.07279999', '2019-08-05 04:49:14', '2019-08-05 04:49:14'),
(2803, 'Pashtun kot', 3, '64.85244098', '35.8291001', '2019-08-05 04:49:14', '2019-08-05 04:49:14'),
(2804, 'Shirin Tagab', 3, '64.85520484', '36.26685013', '2019-08-05 04:49:14', '2019-08-05 04:49:14'),
(2805, 'Almar', 3, '64.21773812', '35.95810049', '2019-08-05 04:49:14', '2019-08-05 04:49:14'),
(2806, 'Qaysar', 3, '64.29166191', '35.66125099', '2019-08-05 04:49:14', '2019-08-05 04:49:14'),
(2807, 'Kohistan', 3, '64.92055237', '35.35384999', '2019-08-05 04:49:14', '2019-08-05 04:49:14'),
(2808, 'Garziwan', 3, '65.22851101', '35.62410006', '2019-08-05 04:49:14', '2019-08-05 04:49:14'),
(2809, 'Bil Cheragh', 3, '65.46754729', '35.90010075', '2019-08-05 04:49:14', '2019-08-05 04:49:14'),
(2810, 'Dawlat Abaad', 3, '65.03945823', '36.52845045', '2019-08-05 04:49:14', '2019-08-05 04:49:14'),
(2811, 'Andkhoy', 3, '65.29721073', '36.8523505', '2019-08-05 04:49:14', '2019-08-05 04:49:14'),
(2812, 'Qaram Qol', 3, '64.98303121', '36.83680082', '2019-08-05 04:49:14', '2019-08-05 04:49:14'),
(2813, 'Khan-e-Chahar Bagh', 3, '65.22228746', '37.09014959', '2019-08-05 04:49:14', '2019-08-05 04:49:14'),
(2814, 'Qorghan', 3, '64.92918868', '37.03350053', '2019-08-05 04:49:14', '2019-08-05 04:49:14'),
(2901, 'Qala-e-Naw', 31, '63.11142033', '34.84215036', '2019-08-05 04:49:15', '2019-08-05 04:49:15'),
(2902, 'Muqur', 31, '63.2274025', '35.1450003', '2019-08-05 04:49:15', '2019-08-05 04:49:15'),
(2903, 'Ab Kamari', 31, '62.90358772', '34.85489948', '2019-08-05 04:49:15', '2019-08-05 04:49:15'),
(2904, 'Qadis', 31, '63.46555796', '34.89250024', '2019-08-05 04:49:15', '2019-08-05 04:49:15'),
(2905, 'Jawand', 31, '64.37208505', '35.05799992', '2019-08-05 04:49:15', '2019-08-05 04:49:15'),
(2906, 'Bala Murghab', 31, '63.41913578', '35.5245', '2019-08-05 04:49:15', '2019-08-05 04:49:15'),
(2907, 'Ghormach', 31, '63.75601594', '35.70084998', '2019-08-05 04:49:15', '2019-08-05 04:49:15'),
(3001, 'Herat', 30, '62.17652069', '34.36419986', '2019-08-05 04:49:15', '2019-08-05 04:49:15'),
(3002, 'Injil', 30, '62.15987363', '34.50560024', '2019-08-05 04:49:15', '2019-08-05 04:49:15'),
(3003, 'Kushk', 30, '62.27860731', '35.05809986', '2019-08-05 04:49:15', '2019-08-05 04:49:15'),
(3004, 'Zinda Jan', 30, '61.79557916', '34.36399979', '2019-08-05 04:49:15', '2019-08-05 04:49:15'),
(3005, 'Guzara', 30, '62.20429785', '34.04775017', '2019-08-05 04:49:15', '2019-08-05 04:49:15'),
(3006, 'Pashtun  Zarghun', 30, '62.72074805', '34.17740003', '2019-08-05 04:49:15', '2019-08-05 04:49:15'),
(3007, 'Karukh', 30, '62.70438605', '34.49465002', '2019-08-05 04:49:15', '2019-08-05 04:49:15'),
(3008, 'Gulran', 30, '61.57239112', '35.14299963', '2019-08-05 04:49:15', '2019-08-05 04:49:15'),
(3009, 'Ghoryan', 30, '61.30379812', '34.32480091', '2019-08-05 04:49:15', '2019-08-05 04:49:15'),
(3010, 'Adraskan', 30, '61.80242612', '33.66644962', '2019-08-05 04:49:15', '2019-08-05 04:49:15'),
(3011, 'Farsi', 30, '63.31449703', '33.85729963', '2019-08-05 04:49:15', '2019-08-05 04:49:15'),
(3012, 'Obe', 30, '63.17781465', '34.3421997', '2019-08-05 04:49:15', '2019-08-05 04:49:15'),
(3013, 'Kushk-e-Kohna', 30, '62.61022665', '34.93510069', '2019-08-05 04:49:15', '2019-08-05 04:49:15'),
(3014, 'Kohsan', 30, '61.16865685', '34.6031994', '2019-08-05 04:49:15', '2019-08-05 04:49:15'),
(3015, 'Shindand', 30, '62.42203175', '33.24124989', '2019-08-05 04:49:15', '2019-08-05 04:49:15'),
(3016, 'Chisht-e-Sharif', 30, '63.86523303', '34.44025054', '2019-08-05 04:49:15', '2019-08-05 04:49:15'),
(3101, 'Farah', 33, '62.25578249', '32.29974994', '2019-08-05 04:49:15', '2019-08-05 04:49:15'),
(3102, 'Bakwa', 33, '62.85069636', '32.19729963', '2019-08-05 04:49:15', '2019-08-05 04:49:15'),
(3103, 'Bala Buluk', 33, '62.62465579', '32.76474927', '2019-08-05 04:49:15', '2019-08-05 04:49:15'),
(3104, 'Khak-e-Safed', 33, '62.06213956', '32.74340089', '2019-08-05 04:49:15', '2019-08-05 04:49:15'),
(3105, 'Pusht Rod', 33, '62.05091562', '32.48274992', '2019-08-05 04:49:15', '2019-08-05 04:49:15'),
(3106, 'Qala-e-Kah', 33, '61.35693018', '32.40550044', '2019-08-05 04:49:15', '2019-08-05 04:49:15'),
(3107, 'Shib Koh', 33, '61.33487857', '32.10219981', '2019-08-05 04:49:15', '2019-08-05 04:49:15'),
(3108, 'Lash-e-Juwayn', 33, '61.29701099', '31.66874956', '2019-08-05 04:49:15', '2019-08-05 04:49:15'),
(3109, 'Gulestan', 33, '63.64456357', '32.64399932', '2019-08-05 04:49:15', '2019-08-05 04:49:15'),
(3110, 'Pur Chaman', 33, '63.9240812', '33.11975013', '2019-08-05 04:49:15', '2019-08-05 04:49:15'),
(3111, 'Anar Dara', 33, '61.15495303', '32.99669952', '2019-08-05 04:49:15', '2019-08-05 04:49:15'),
(3201, 'Lashkar Gah', 29, '64.55271676', '31.48474979', '2019-08-05 04:49:15', '2019-08-05 04:49:15'),
(3202, 'Nahr-e-Saraj', 29, '64.56986043', '31.86475006', '2019-08-05 04:49:15', '2019-08-05 04:49:15'),
(3203, 'Nad-e-Ali', 29, '63.79676737', '31.51749946', '2019-08-05 04:49:15', '2019-08-05 04:49:15'),
(3204, 'Nawa-e-Barak Zaiy', 29, '64.26273301', '31.35810014', '2019-08-05 04:49:15', '2019-08-05 04:49:15'),
(3205, 'Sangin', 29, '64.98608702', '32.09910031', '2019-08-05 04:49:15', '2019-08-05 04:49:15'),
(3206, 'Musa Qaleh', 29, '64.7055813', '32.4765999', '2019-08-05 04:49:15', '2019-08-05 04:49:15'),
(3207, 'Naw Zad', 29, '64.30404202', '32.50275026', '2019-08-05 04:49:15', '2019-08-05 04:49:15'),
(3208, 'Wa Sher', 29, '63.97667644', '32.18909975', '2019-08-05 04:49:15', '2019-08-05 04:49:15'),
(3209, 'Garm Ser', 29, '64.11617156', '30.32979986', '2019-08-05 04:49:15', '2019-08-05 04:49:15'),
(3210, 'Kajaki', 29, '65.05850805', '32.49184987', '2019-08-05 04:49:15', '2019-08-05 04:49:15'),
(3211, 'Baghran', 29, '65.00465726', '32.96914954', '2019-08-05 04:49:15', '2019-08-05 04:49:15'),
(3212, 'Reg(khan Neshin)', 29, '63.46032348', '30.76664994', '2019-08-05 04:49:15', '2019-08-05 04:49:15'),
(3213, 'Deh shu', 29, '63.1600626', '29.9512004', '2019-08-05 04:49:15', '2019-08-05 04:49:15'),
(3301, 'Kandahar', 28, '65.73113104', '31.50875065', '2019-08-05 04:49:15', '2019-08-05 04:49:15'),
(3302, 'Arghandab', 28, '65.65258443', '31.76565033', '2019-08-05 04:49:15', '2019-08-05 04:49:15'),
(3303, 'Zheray', 28, '65.40825143', '31.63930067', '2019-08-05 04:49:15', '2019-08-05 04:49:15'),
(3304, 'Panj wayi', 28, '65.12861891', '31.10809989', '2019-08-05 04:49:15', '2019-08-05 04:49:15'),
(3305, 'Daman', 28, '65.7101059', '31.21020003', '2019-08-05 04:49:15', '2019-08-05 04:49:15'),
(3306, 'Shah Wali Kot', 28, '66.03672229', '32.11085014', '2019-08-05 04:49:15', '2019-08-05 04:49:15'),
(3307, 'Khakrez', 28, '65.5831556', '32.00620041', '2019-08-05 04:49:15', '2019-08-05 04:49:15'),
(3308, 'Maywand', 28, '65.02500932', '31.59870035', '2019-08-05 04:49:15', '2019-08-05 04:49:15'),
(3309, 'Reg', 28, '65.21775288', '30.15835006', '2019-08-05 04:49:15', '2019-08-05 04:49:15'),
(3310, 'Shor Abak', 28, '66.04636356', '30.18069969', '2019-08-05 04:49:15', '2019-08-05 04:49:15'),
(3311, 'Spin Boldak', 28, '66.12692733', '30.96159902', '2019-08-05 04:49:15', '2019-08-05 04:49:15'),
(3312, 'Arghistan', 28, '66.47726187', '31.51590099', '2019-08-05 04:49:15', '2019-08-05 04:49:15'),
(3313, 'Miyanshin', 28, '66.35319519', '32.39739956', '2019-08-05 04:49:15', '2019-08-05 04:49:15'),
(3314, 'Nesh', 28, '65.74612859', '32.41339972', '2019-08-05 04:49:15', '2019-08-05 04:49:15'),
(3315, 'Ghorak', 28, '65.2717452', '32.08080032', '2019-08-05 04:49:15', '2019-08-05 04:49:15'),
(3316, 'Maruf', 28, '67.24152321', '31.48425056', '2019-08-05 04:49:15', '2019-08-05 04:49:15'),
(3401, 'Zaranj', 34, '62.00327471', '30.94750091', '2019-08-05 04:49:15', '2019-08-05 04:49:15'),
(3402, 'Kang', 34, '61.85086361', '31.33330075', '2019-08-05 04:49:15', '2019-08-05 04:49:15'),
(3403, 'Chahar Burjak', 34, '61.93493869', '30.09525013', '2019-08-05 04:49:15', '2019-08-05 04:49:15'),
(3404, 'Chakhansur', 34, '62.16524284', '31.41485097', '2019-08-05 04:49:15', '2019-08-05 04:49:15'),
(3405, 'Khash Rod', 34, '62.84119082', '31.77124977', '2019-08-05 04:49:15', '2019-08-05 04:49:15'),
(3406, 'SAMKANI', 18, NULL, NULL, '2019-12-17 15:00:00', '2019-12-17 15:00:00'),
(3407, 'JALGA', 6, NULL, NULL, '2019-12-17 15:00:00', '2019-12-17 15:00:00'),
(3408, 'ALI SHER', 18, NULL, NULL, '2019-12-17 15:00:00', '2019-12-17 15:00:00');

-- --------------------------------------------------------

--
-- Table structure for table `dropdown`
--

CREATE TABLE `dropdown` (
  `id` int(11) NOT NULL,
  `name` varchar(128) COLLATE utf8_unicode_ci NOT NULL,
  `type` varchar(128) COLLATE utf8_unicode_ci NOT NULL,
  `releted` varchar(128) COLLATE utf8_unicode_ci NOT NULL,
  `created_at` datetime DEFAULT CURRENT_TIMESTAMP,
  `updated_at` datetime DEFAULT CURRENT_TIMESTAMP
) ENGINE=InnoDB DEFAULT CHARSET=utf8 COLLATE=utf8_unicode_ci;

--
-- Dumping data for table `dropdown`
--

INSERT INTO `dropdown` (`id`, `name`, `type`, `releted`, `created_at`, `updated_at`) VALUES
(1, 'baghal_jeb', 'بدون جیب', 'lebas', '2020-05-07 01:32:37', '2020-05-07 01:32:37'),
(2, 'baghal_jeb', '1', 'lebas', '2020-05-07 01:32:37', '2020-05-07 01:32:37'),
(3, 'baghal_jeb', '2', 'lebas', '2020-05-07 01:32:37', '2020-05-07 01:32:37'),
(4, 'astin', 'کف فټ', 'lebas', '2020-05-07 01:32:37', '2020-05-07 01:32:37'),
(5, 'astin', 'عام کف', 'lebas', '2020-05-07 01:32:37', '2020-05-07 01:32:37'),
(6, 'astin', 'آستین ګول', 'lebas', '2020-05-07 01:32:37', '2020-05-07 01:32:37'),
(7, 'astin', 'آستین ميچه', 'lebas', '2020-05-07 01:32:37', '2020-05-07 01:32:37'),
(8, 'yakhan', 'کالر', 'lebas', '2020-05-07 01:32:37', '2020-05-07 01:32:37'),
(9, 'yakhan', 'کټ کالر', 'lebas', '2020-05-07 01:32:37', '2020-05-07 01:32:37'),
(10, 'yakhan', 'بين', 'lebas', '2020-05-07 01:32:37', '2020-05-07 01:32:37'),
(11, 'yakhan', 'نیمه بین', 'lebas', '2020-05-07 01:32:37', '2020-05-07 01:32:37'),
(12, 'yakhan', 'هندی', 'lebas', '2020-05-07 01:32:37', '2020-05-07 01:32:37'),
(13, 'yakhan', 'قاسمی', 'lebas', '2020-05-07 01:32:37', '2020-05-07 01:32:37'),
(14, 'daman', 'دامن چهار کونج', 'lebas', '2020-05-07 01:32:37', '2020-05-07 01:32:37'),
(15, 'daman', 'دامن ګول', 'lebas', '2020-05-07 01:32:37', '2020-05-07 01:32:37'),
(16, 'yakhan', 'v', 'waskat', '2020-05-07 01:34:57', '2020-05-07 01:34:57'),
(17, 'yakhan', 'ګول', 'waskat', '2020-05-07 01:34:57', '2020-05-07 01:34:57'),
(18, 'yakhan', 'یخندار', 'waskat', '2020-05-07 01:34:57', '2020-05-07 01:34:57'),
(19, 'tokma', '1 دکمه', 'kurti', '2020-05-07 01:40:04', '2020-05-07 01:40:04'),
(20, 'tokma', '2 دکمه', 'kurti', '2020-05-07 01:40:04', '2020-05-07 01:40:04'),
(21, 'tokma', '3 دکمه', 'kurti', '2020-05-07 01:40:04', '2020-05-07 01:40:04'),
(22, 'tokma', '4 دکمه', 'kurti', '2020-05-07 01:40:04', '2020-05-07 01:40:04'),
(23, 'chak', '1 چاک', 'kurti', '2020-05-07 01:40:04', '2020-05-07 01:40:04'),
(24, 'chak', '2 چاک', 'kurti', '2020-05-07 01:40:04', '2020-05-07 01:40:04'),
(25, 'yakhan', 'یخن انګلیسی', 'kurti', '2020-05-07 01:40:04', '2020-05-07 01:40:04'),
(26, 'yakhan', 'یخن فرانسوی', 'kurti', '2020-05-07 01:40:04', '2020-05-07 01:40:04'),
(27, 'daman', 'دامن ګول', 'kurti', '2020-05-07 01:40:04', '2020-05-07 01:40:04'),
(28, 'daman', 'دامن راست', 'kurti', '2020-05-07 01:40:05', '2020-05-07 01:40:05');

-- --------------------------------------------------------

--
-- Table structure for table `kurti`
--

CREATE TABLE `kurti` (
  `id` int(11) NOT NULL,
  `customer_id` int(11) NOT NULL,
  `qad` varchar(128) COLLATE utf8_unicode_ci NOT NULL,
  `shana` varchar(128) COLLATE utf8_unicode_ci NOT NULL,
  `astin` varchar(128) COLLATE utf8_unicode_ci NOT NULL,
  `baghal` varchar(128) COLLATE utf8_unicode_ci NOT NULL,
  `kamar` varchar(128) COLLATE utf8_unicode_ci NOT NULL,
  `soorin` varchar(128) COLLATE utf8_unicode_ci NOT NULL,
  `tir_pesht` varchar(128) COLLATE utf8_unicode_ci NOT NULL,
  `balai_tana` varchar(128) COLLATE utf8_unicode_ci NOT NULL,
  `bazo` varchar(128) COLLATE utf8_unicode_ci NOT NULL,
  `moch` varchar(128) COLLATE utf8_unicode_ci NOT NULL,
  `tokma_id` int(11) NOT NULL,
  `chak_id` int(11) NOT NULL,
  `yakhan_id` int(11) NOT NULL,
  `daman_id` int(11) NOT NULL,
  `created_at` datetime DEFAULT CURRENT_TIMESTAMP,
  `updated_at` datetime DEFAULT CURRENT_TIMESTAMP
) ENGINE=InnoDB DEFAULT CHARSET=utf8 COLLATE=utf8_unicode_ci;

--
-- Dumping data for table `kurti`
--

INSERT INTO `kurti` (`id`, `customer_id`, `qad`, `shana`, `astin`, `baghal`, `kamar`, `soorin`, `tir_pesht`, `balai_tana`, `bazo`, `moch`, `tokma_id`, `chak_id`, `yakhan_id`, `daman_id`, `created_at`, `updated_at`) VALUES
(3, 133, '54', '45', '45', '45', '45', '34', '45', '56', '45', '45', 20, 24, 26, 28, '2020-06-04 11:54:13', '2020-06-04 11:54:13'),
(4, 147, '23', '23', '23', '23', '3', '3', '23', '3', '3', '3', 22, 24, 26, 28, '2020-06-09 00:13:13', '2020-06-20 11:39:41'),
(5, 151, '54', '45', '45', '48', '45', '34', '45', '56', '45', '45', 19, 23, 25, 27, '2020-06-19 11:27:42', '2020-08-08 15:24:44'),
(6, 150, '45', '45', '45', '45', '45', '45', '45', '45', '45', '45', 19, 23, 25, 27, '2020-06-19 12:31:54', '2020-06-19 12:36:08'),
(7, 153, '45', '45', '45', '45', '45', '45', '45', '45', '45', '45', 22, 24, 26, 28, '2020-06-21 09:57:48', '2020-06-21 09:57:48'),
(8, 157, '45', '45', '45', '45', '45', '45', '45', '45', '45', '45', 20, 24, 26, 27, '2020-07-05 18:02:00', '2020-07-05 18:02:00'),
(9, 154, '34', '34', '34', '34', '34', '34', '34', '34', '34', '34', 19, 23, 25, 27, '2020-07-14 14:14:28', '2020-07-14 16:08:52'),
(10, 139, '45', '45', '45', '45', '45', '45', '45', '45', '45', '45', 19, 23, 25, 27, '2020-07-14 14:29:22', '2020-07-14 14:29:22'),
(11, 162, '45', '45', '45', '45', '45', '45', '45', '45', '45', '45', 19, 23, 25, 27, '2020-08-08 15:24:21', '2020-08-08 15:24:21');

-- --------------------------------------------------------

--
-- Table structure for table `lebas`
--

CREATE TABLE `lebas` (
  `id` int(11) NOT NULL,
  `customer_id` int(11) NOT NULL,
  `qad` varchar(128) COLLATE utf8_unicode_ci NOT NULL,
  `astin` varchar(128) COLLATE utf8_unicode_ci NOT NULL,
  `shana` varchar(128) COLLATE utf8_unicode_ci NOT NULL,
  `yakhan` varchar(128) COLLATE utf8_unicode_ci NOT NULL,
  `baghal` varchar(128) COLLATE utf8_unicode_ci NOT NULL,
  `daman` varchar(128) COLLATE utf8_unicode_ci NOT NULL,
  `tomban` varchar(128) COLLATE utf8_unicode_ci NOT NULL,
  `pacha` varchar(128) COLLATE utf8_unicode_ci NOT NULL,
  `jeb_roy` int(11) DEFAULT NULL,
  `jeb_tomban` int(11) DEFAULT NULL,
  `double_salai` int(11) DEFAULT NULL,
  `tomban_pathlooni` int(11) DEFAULT NULL,
  `pati` varchar(128) COLLATE utf8_unicode_ci NOT NULL,
  `kaf` varchar(128) COLLATE utf8_unicode_ci NOT NULL,
  `qol` varchar(128) COLLATE utf8_unicode_ci NOT NULL,
  `bar_tomban` varchar(128) COLLATE utf8_unicode_ci NOT NULL,
  `bar_seena` varchar(128) COLLATE utf8_unicode_ci NOT NULL,
  `bar_kamar` varchar(128) COLLATE utf8_unicode_ci NOT NULL,
  `baghal_jeb_id` int(11) NOT NULL,
  `astin_id` int(11) NOT NULL,
  `yakhan_id` int(11) NOT NULL,
  `daman_id` int(11) NOT NULL,
  `created_at` datetime DEFAULT CURRENT_TIMESTAMP,
  `updated_at` datetime DEFAULT CURRENT_TIMESTAMP
) ENGINE=InnoDB DEFAULT CHARSET=utf8 COLLATE=utf8_unicode_ci;

--
-- Dumping data for table `lebas`
--

INSERT INTO `lebas` (`id`, `customer_id`, `qad`, `astin`, `shana`, `yakhan`, `baghal`, `daman`, `tomban`, `pacha`, `jeb_roy`, `jeb_tomban`, `double_salai`, `tomban_pathlooni`, `pati`, `kaf`, `qol`, `bar_tomban`, `bar_seena`, `bar_kamar`, `baghal_jeb_id`, `astin_id`, `yakhan_id`, `daman_id`, `created_at`, `updated_at`) VALUES
(7, 132, '45', '54', '43', '45', '33', '45', '35', '35nim', 1, NULL, 1, 1, '45', '34', '35', '34nim', '35', '45', 3, 7, 12, 15, '2020-06-04 11:53:13', '2020-06-09 00:06:55'),
(8, 142, '12', '1212', '23', '23', '23', '23', '23', '23', NULL, NULL, NULL, NULL, '23', '23', '23', '23', '23', '23', 3, 4, 8, 14, '2020-06-04 23:49:20', '2020-06-04 23:49:20'),
(9, 145, '934', '87', '3', '3', '3', '3', '3', '3', 1, 1, 1, 1, '3', '3', '3', '3', '3', '3', 2, 5, 10, 15, '2020-06-08 23:26:16', '2020-06-09 00:02:04'),
(10, 146, '44', '44', '44', '44', '44', '44', '44', '44', 1, 1, 1, 1, '44', '44', '44', '44', '44', '44', 3, 6, 10, 15, '2020-06-09 00:10:08', '2020-06-09 00:16:12'),
(11, 133, '45', '45', '45', '45', '45', '45', '45', '45', 1, 1, 1, 1, '45', '45', '45', '45', '45', '45', 1, 4, 8, 14, '2020-06-19 10:51:22', '2020-06-19 10:51:22'),
(12, 147, '44', '45', '54', '45', '45', '45', '45', '45', 1, 1, 1, 1, '45', '45', '545', '45', '45', '45', 1, 4, 8, 14, '2020-06-20 11:40:33', '2020-06-20 11:40:57'),
(13, 152, '45', '45', '45', '45', '45', '45', '45', '45', 1, 1, 1, 1, '45', '45', '45', '45', '45', '34', 3, 6, 10, 14, '2020-06-21 09:57:13', '2020-06-21 09:57:13'),
(14, 154, '23', '2', '34', '34', '334', '34', '34', '34', 1, 1, 1, 1, '34', '34', '34', '34', '34', '34', 1, 5, 9, 15, '2020-07-05 17:47:40', '2020-07-05 17:47:40'),
(15, 156, '45', '45', '45', '45', '45', '45', '45', '45', NULL, 1, 1, NULL, '45', '45', '45', '45', '45', '45', 1, 4, 8, 14, '2020-07-05 18:01:19', '2020-07-05 18:02:33'),
(16, 151, '45', '45', '45', '45', '45', '45', '45', '45', 1, 1, 1, 1, '45', '45', '45', '45', '45', '45', 1, 4, 8, 14, '2020-07-10 17:58:18', '2020-07-30 17:36:28'),
(17, 160, '34', '45', '45', '45', '45', '45', '45', '45', 1, 1, 1, 1, '45', '45', '45', '45', '45', '45', 1, 4, 8, 14, '2020-08-08 15:22:42', '2020-08-08 15:22:42');

-- --------------------------------------------------------

--
-- Table structure for table `news`
--

CREATE TABLE `news` (
  `id` int(11) NOT NULL,
  `title` varchar(128) COLLATE utf8_unicode_ci NOT NULL,
  `image` varchar(200) COLLATE utf8_unicode_ci DEFAULT NULL,
  `post` longtext COLLATE utf8_unicode_ci NOT NULL,
  `created_at` datetime DEFAULT CURRENT_TIMESTAMP,
  `updated_at` datetime DEFAULT CURRENT_TIMESTAMP
) ENGINE=InnoDB DEFAULT CHARSET=utf8 COLLATE=utf8_unicode_ci;

-- --------------------------------------------------------

--
-- Table structure for table `orders`
--

CREATE TABLE `orders` (
  `id` int(11) NOT NULL,
  `customer_id` int(11) NOT NULL,
  `product_type` varchar(128) COLLATE utf8_unicode_ci NOT NULL,
  `product_amount` int(11) NOT NULL,
  `due_date` date DEFAULT NULL,
  `price` int(11) NOT NULL,
  `paid` int(11) NOT NULL,
  `created_at` datetime DEFAULT CURRENT_TIMESTAMP,
  `updated_at` datetime DEFAULT CURRENT_TIMESTAMP
) ENGINE=InnoDB DEFAULT CHARSET=utf8 COLLATE=utf8_unicode_ci;

--
-- Dumping data for table `orders`
--

INSERT INTO `orders` (`id`, `customer_id`, `product_type`, `product_amount`, `due_date`, `price`, `paid`, `created_at`, `updated_at`) VALUES
(30, 132, 'clothe', 2, '2020-11-22', 500, 200, '2020-06-04 11:53:13', '2020-06-07 13:49:02'),
(31, 133, 'kurti', 2, '2020-11-22', 500, 0, '2020-06-04 11:54:13', '2020-06-04 11:54:13'),
(32, 134, 'waskat', 1, '2020-11-22', 2000, 100, '2020-06-04 12:10:22', '2020-06-04 12:10:22'),
(36, 138, 'pathloon', 1, '2020-12-12', 2000, 20, '2020-06-04 14:02:34', '2020-06-04 14:02:34'),
(37, 139, 'pathloon', 1, '2020-12-12', 200, 200, '2020-06-04 23:39:30', '2020-06-04 23:39:30'),
(38, 140, 'waskat', 2, '2020-02-22', 200, 100, '2020-06-04 23:41:22', '2020-06-04 23:41:22'),
(40, 142, 'clothe', 1, '2020-11-12', 1000, 500, '2020-06-04 23:49:20', '2020-06-04 23:49:20'),
(41, 145, 'pathloon', 2, '2020-11-11', 500, 100, '2020-06-05 01:07:11', '2020-06-08 23:53:16'),
(42, 145, 'clothe', 2, '2020-11-11', 500, 100, '2020-06-08 23:26:16', '2020-06-08 23:53:16'),
(43, 145, 'clothe', 2, '2020-11-11', 600, 0, '2020-06-08 23:55:19', '2020-06-08 23:55:19'),
(44, 145, 'clothe', 2, '2020-03-01', 1000, 500, '2020-06-08 23:58:24', '2020-06-08 23:58:24'),
(45, 145, 'clothe', 3, '2019-03-04', 300, 200, '2020-06-09 00:01:40', '2020-06-09 00:01:40'),
(46, 145, 'clothe', 1, '2020-01-20', 200, 200, '2020-06-09 00:02:04', '2020-06-09 00:02:04'),
(47, 132, 'clothe', 2, '2020-01-02', 500, 0, '2020-06-09 00:06:55', '2020-06-09 00:06:55'),
(48, 146, 'clothe', 1, '2020-11-22', 500, 100, '2020-06-09 00:10:08', '2020-06-09 00:10:08'),
(49, 147, 'kurti', 1, '2020-12-01', 500, 500, '2020-06-09 00:13:13', '2020-06-09 00:13:13'),
(50, 148, 'waskat', 1, '2020-01-02', 500, 500, '2020-06-09 00:14:12', '2020-06-09 00:14:12'),
(51, 149, 'pathloon', 3, '2020-11-22', 500, 500, '2020-06-09 00:14:41', '2020-06-09 00:14:41'),
(52, 146, 'clothe', 45, '2020-11-11', 500, 500, '2020-06-09 00:16:12', '2020-06-09 00:16:12'),
(53, 150, 'pathloon', 1, '2020-06-10', 500, 100, '2020-06-10 17:05:39', '2020-06-10 17:05:39'),
(54, 133, 'clothe', 4, '2000-11-11', 500, 500, '2020-06-19 10:51:22', '2020-06-19 10:51:22'),
(55, 151, 'kurti', 1, '1222-12-02', 400, 300, '2020-06-19 11:27:42', '2020-06-19 11:27:42'),
(57, 150, 'kurti', 4, '2020-02-02', 2000, 1000, '2020-06-19 12:31:54', '2020-06-19 12:31:54'),
(60, 150, 'kurti', 2, '2020-02-02', 100, 100, '2020-06-19 12:35:54', '2020-06-19 12:35:54'),
(61, 150, 'kurti', 2, '2020-02-02', 1000, 500, '2020-06-19 12:36:08', '2020-06-19 12:36:08'),
(69, 133, 'waskat', 2, '2020-02-02', 500, 500, '2020-06-20 09:50:48', '2020-06-20 09:50:48'),
(70, 133, 'waskat', 1, '2020-02-02', 1000, 500, '2020-06-20 09:51:10', '2020-06-20 09:51:10'),
(71, 133, 'waskat', 1, '2020-02-02', 1000, 1000, '2020-06-20 09:51:31', '2020-06-20 09:51:31'),
(72, 150, 'waskat', 1, '2020-04-05', 500, 500, '2020-06-20 09:53:15', '2020-06-20 09:53:15'),
(75, 139, 'pathloon', 1, '2020-02-02', 500, 500, '2020-06-20 11:17:54', '2020-06-20 11:17:54'),
(76, 139, 'pathloon', 1, '2020-02-02', 100000, 20000, '2020-06-20 11:18:42', '2020-06-20 11:18:42'),
(77, 151, 'waskat', 1, '2020-06-11', 400, 10, '2020-06-20 11:19:35', '2020-06-20 11:19:35'),
(78, 151, 'waskat', 1, '2020-02-02', 500, 500, '2020-06-20 11:27:08', '2020-06-20 11:27:08'),
(80, 139, 'pathloon', 1, '2020-02-02', 200, 200, '2020-06-20 11:29:18', '2020-06-20 11:29:18'),
(81, 147, 'kurti', 1, '2020-02-02', 500, 500, '2020-06-20 11:38:45', '2020-06-20 11:38:45'),
(82, 147, 'kurti', 2, '2020-02-03', 2000, 20, '2020-06-20 11:39:41', '2020-06-20 11:39:41'),
(83, 147, 'clothe', 2, '2020-02-02', 2000, 2000, '2020-06-20 11:40:33', '2020-06-20 11:40:33'),
(84, 147, 'clothe', 1, '2020-03-03', 1000, 500, '2020-06-20 11:40:57', '2020-06-20 11:40:57'),
(86, 151, 'pathloon', 1, '2020-04-05', 2000, 1000, '2020-06-20 11:45:25', '2020-06-20 11:45:25'),
(87, 151, 'pathloon', 2, '2020-02-03', 1000, 1000, '2020-06-20 11:46:17', '2020-06-20 11:46:17'),
(88, 151, 'waskat', 50, '2020-05-04', 500, 500, '2020-06-20 11:47:02', '2020-06-20 11:47:02'),
(89, 147, 'waskat', 2, '2020-06-05', 500, 500, '2020-06-20 11:48:00', '2020-06-20 11:48:00'),
(90, 152, 'clothe', 1, '2020-02-02', 500, 100, '2020-06-21 09:57:13', '2020-06-21 09:57:13'),
(91, 153, 'kurti', 1, '2020-02-02', 1000, 1000, '2020-06-21 09:57:48', '2020-06-21 09:57:48'),
(92, 151, 'kurti', 1, '2020-11-22', 1000, 500, '2020-06-28 12:34:27', '2020-06-28 12:34:27'),
(93, 154, 'clothe', 2, '2020-02-02', 500, 200, '2020-07-05 17:47:40', '2020-07-05 17:47:40'),
(94, 151, 'kurti', 1, '2020-02-02', 500, 100, '2020-07-05 17:47:56', '2020-07-05 17:47:56'),
(95, 156, 'clothe', 1, '2020-04-05', 1000, 500, '2020-07-05 18:01:19', '2020-07-05 18:01:19'),
(96, 157, 'kurti', 3, '2020-02-02', 500, 500, '2020-07-05 18:02:00', '2020-07-05 18:02:00'),
(97, 156, 'clothe', 3, '2020-02-02', 2000, 1000, '2020-07-05 18:02:33', '2020-07-05 18:02:33'),
(98, 156, 'pathloon', 2, '2020-02-02', 1000, 100, '2020-07-05 18:03:13', '2020-07-05 18:03:13'),
(99, 157, 'waskat', 1, '2020-02-15', 1000, 1000, '2020-07-05 18:03:52', '2020-07-05 18:03:52'),
(100, 151, 'pathloon', 1, '2020-02-02', 1000, 200, '2020-07-10 16:31:24', '2020-07-10 16:31:24'),
(101, 133, 'pathloon', 1, '2020-04-04', 1000, 100, '2020-07-10 16:31:45', '2020-07-10 16:31:45'),
(102, 151, 'clothe', 1, '2020-07-10', 1000, 100, '2020-07-10 17:58:18', '2020-07-10 17:58:18'),
(103, 151, 'kurti', 1, '2020-11-21', 1000, 100, '2020-07-14 14:11:10', '2020-07-14 14:11:10'),
(104, 151, 'clothe', 1, '2020-02-02', 1000, 100, '2020-07-14 14:12:58', '2020-07-14 14:12:58'),
(105, 154, 'kurti', 2, '2020-07-11', 100, 100, '2020-07-14 14:14:28', '2020-07-14 14:14:28'),
(106, 151, 'kurti', 1, '2020-07-11', 1000, 1000, '2020-07-14 14:14:55', '2020-07-14 14:14:55'),
(107, 151, 'kurti', 1, '2020-07-11', 100, 100, '2020-07-14 14:15:44', '2020-07-14 14:15:44'),
(108, 133, 'waskat', 1, '2020-07-14', 1000, 100, '2020-07-14 14:27:38', '2020-07-14 14:27:38'),
(109, 158, 'pathloon', 1, '2020-07-14', 1000, 1000, '2020-07-14 14:28:13', '2020-07-14 14:28:13'),
(110, 139, 'kurti', 1, '2020-07-14', 1000, 100, '2020-07-14 14:29:22', '2020-07-14 14:29:22'),
(111, 151, 'pathloon', 2, '2020-07-14', 1000, 100, '2020-07-14 15:58:56', '2020-07-14 15:58:56'),
(112, 151, 'clothe', 2, '2020-07-14', 1000, 200, '2020-07-14 16:07:21', '2020-07-14 16:07:21'),
(113, 154, 'kurti', 3, '2020-07-14', 1000, 100, '2020-07-14 16:08:52', '2020-07-14 16:08:52'),
(114, 159, 'pathloon', 1, '2020-07-14', 1000, 1000, '2020-07-14 16:14:44', '2020-07-14 16:14:44'),
(115, 151, 'clothe', 1, '2020-08-06', 1000, 200, '2020-07-30 17:36:28', '2020-07-30 17:36:28'),
(116, 151, 'pathloon', 2, '2020-08-20', 100, 100, '2020-07-30 17:36:51', '2020-07-30 17:36:51'),
(117, 160, 'clothe', 1, '2020-08-12', 2000, 2000, '2020-08-08 15:22:42', '2020-08-08 15:22:42'),
(118, 161, 'waskat', 1, '2020-08-09', 1000, 0, '2020-08-08 15:23:24', '2020-08-08 15:23:24'),
(119, 162, 'kurti', 1, '2020-08-12', 2000, 1000, '2020-08-08 15:24:21', '2020-08-08 15:24:21'),
(120, 151, 'kurti', 1, '2020-08-12', 1000, 0, '2020-08-08 15:24:44', '2020-08-08 15:24:44');

-- --------------------------------------------------------

--
-- Table structure for table `pathloon`
--

CREATE TABLE `pathloon` (
  `id` int(11) NOT NULL,
  `customer_id` int(11) NOT NULL,
  `qad` varchar(128) COLLATE utf8_unicode_ci NOT NULL,
  `kamar` varchar(128) COLLATE utf8_unicode_ci NOT NULL,
  `soorin` varchar(128) COLLATE utf8_unicode_ci NOT NULL,
  `pat` varchar(128) COLLATE utf8_unicode_ci NOT NULL,
  `qad_zano` varchar(128) COLLATE utf8_unicode_ci NOT NULL,
  `do_zano` varchar(128) COLLATE utf8_unicode_ci NOT NULL,
  `pacha` varchar(128) COLLATE utf8_unicode_ci NOT NULL,
  `five_dar` int(11) DEFAULT NULL,
  `created_at` datetime DEFAULT CURRENT_TIMESTAMP,
  `updated_at` datetime DEFAULT CURRENT_TIMESTAMP
) ENGINE=InnoDB DEFAULT CHARSET=utf8 COLLATE=utf8_unicode_ci;

--
-- Dumping data for table `pathloon`
--

INSERT INTO `pathloon` (`id`, `customer_id`, `qad`, `kamar`, `soorin`, `pat`, `qad_zano`, `do_zano`, `pacha`, `five_dar`, `created_at`, `updated_at`) VALUES
(1, 138, '12', '12', '12', '123', '12', '12', '12', 1, '2020-06-04 14:02:34', '2020-06-04 14:02:34'),
(2, 139, '45', '55', '54', '45', '45', '45', '43', 1, '2020-06-04 23:39:30', '2020-06-20 11:29:18'),
(3, 145, '12', '12', '12', '12', '12', '12', '12', 1, '2020-06-05 01:07:11', '2020-06-05 01:07:11'),
(4, 149, '45', '45', '45', '45', '4', '3', '3', 1, '2020-06-09 00:14:41', '2020-06-09 00:14:41'),
(5, 150, '2', '2', '2', '2', '2', '2', '2', 1, '2020-06-10 17:05:39', '2020-06-10 17:05:39'),
(6, 151, '45', '45', '45', '45', '45', '45', '45', 1, '2020-06-20 11:45:25', '2020-07-30 17:36:51'),
(7, 156, '45', '45', '45', '45', '45', '45', '45', 1, '2020-07-05 18:03:13', '2020-07-05 18:03:13'),
(8, 133, '45', '45', '45', '45', '45', '45', '45', 1, '2020-07-10 16:31:45', '2020-07-10 16:31:45'),
(9, 158, '45', '45', '45', '45', '45', '45', '45', 1, '2020-07-14 14:28:13', '2020-07-14 14:28:13'),
(10, 159, '45', '45', '45', '45', '45', '45', '45', 1, '2020-07-14 16:14:44', '2020-07-14 16:14:44');

-- --------------------------------------------------------

--
-- Table structure for table `posts`
--

CREATE TABLE `posts` (
  `id` int(11) NOT NULL,
  `title` varchar(128) COLLATE utf8_unicode_ci NOT NULL,
  `image` varchar(200) COLLATE utf8_unicode_ci DEFAULT NULL,
  `post` longtext COLLATE utf8_unicode_ci NOT NULL,
  `company_id` int(11) NOT NULL,
  `created_at` datetime DEFAULT CURRENT_TIMESTAMP,
  `updated_at` datetime DEFAULT CURRENT_TIMESTAMP
) ENGINE=InnoDB DEFAULT CHARSET=utf8 COLLATE=utf8_unicode_ci;

-- --------------------------------------------------------

--
-- Table structure for table `provinces`
--

CREATE TABLE `provinces` (
  `id` int(11) NOT NULL,
  `name` varchar(128) COLLATE utf8_unicode_ci NOT NULL,
  `zone_id` int(11) NOT NULL,
  `international_id` varchar(191) COLLATE utf8_unicode_ci DEFAULT NULL,
  `created_at` datetime DEFAULT CURRENT_TIMESTAMP,
  `updated_at` datetime DEFAULT CURRENT_TIMESTAMP
) ENGINE=InnoDB DEFAULT CHARSET=utf8 COLLATE=utf8_unicode_ci;

--
-- Dumping data for table `provinces`
--

INSERT INTO `provinces` (`id`, `name`, `zone_id`, `international_id`, `created_at`, `updated_at`) VALUES
(1, 'Badakhshan', 1, 'AF-BDS', '2019-08-05 04:49:14', '2019-08-05 04:49:14'),
(2, 'Sari Pul', 1, 'AF-SAR', '2019-08-05 04:49:14', '2019-08-05 04:49:14'),
(3, 'Faryab', 1, 'AF-FYB', '2019-08-05 04:49:14', '2019-08-05 04:49:14'),
(4, 'Samangan', 1, 'AF-SAM', '2019-08-05 04:49:14', '2019-08-05 04:49:14'),
(5, 'Takhar', 1, 'AF-TAK', '2019-08-05 04:49:14', '2019-08-05 04:49:14'),
(6, 'Baghlan', 1, 'AF-BGL', '2019-08-05 04:49:14', '2019-08-05 04:49:14'),
(7, 'Balkh', 1, 'AF-BAL', '2019-08-05 04:49:14', '2019-08-05 04:49:14'),
(8, 'Kunduz', 1, 'AF-KDZ', '2019-08-05 04:49:14', '2019-08-05 04:49:14'),
(9, 'Jawzjan', 1, 'AF-JOW', '2019-08-05 04:49:14', '2019-08-05 04:49:14'),
(10, 'Kabul', 2, 'AF-KBL', '2019-08-05 04:49:14', '2019-08-05 04:49:14'),
(11, 'Logar', 2, 'AF-LOG', '2019-08-05 04:49:14', '2019-08-05 04:49:14'),
(12, 'Panjsher', 2, 'AF-PAN', '2019-08-05 04:49:14', '2019-08-05 04:49:14'),
(13, 'Wardak', 2, 'AF-WAR', '2019-08-05 04:49:14', '2019-08-05 04:49:14'),
(14, 'Daykundi', 2, 'AF-DAY', '2019-08-05 04:49:14', '2019-08-05 04:49:14'),
(15, 'Bamyan', 2, 'AF-BAM', '2019-08-05 04:49:14', '2019-08-05 04:49:14'),
(16, 'Kapisa', 2, 'AF-KAP', '2019-08-05 04:49:14', '2019-08-05 04:49:14'),
(17, 'Parwan', 2, 'AF-PAR', '2019-08-05 04:49:14', '2019-08-05 04:49:14'),
(18, 'Khost', 4, 'AF-KHO', '2019-08-05 04:49:14', '2019-08-05 04:49:14'),
(19, 'Paktika', 4, 'AF-PKA', '2019-08-05 04:49:14', '2019-08-05 04:49:14'),
(20, 'Laghman', 4, 'AF-LAG', '2019-08-05 04:49:14', '2019-08-05 04:49:14'),
(21, 'Paktya', 4, 'AF-PIA', '2019-08-05 04:49:14', '2019-08-05 04:49:14'),
(22, 'Nangarhar', 4, 'AF-NAN', '2019-08-05 04:49:14', '2019-08-05 04:49:14'),
(23, 'Kunar', 4, 'AF-KNR', '2019-08-05 04:49:14', '2019-08-05 04:49:14'),
(24, 'Nuristan', 4, 'AF-NUR', '2019-08-05 04:49:14', '2019-08-05 04:49:14'),
(25, 'Zabul', 5, 'AF-ZAB', '2019-08-05 04:49:14', '2019-08-05 04:49:14'),
(26, 'Uruzgan', 5, 'AF-URZ', '2019-08-05 04:49:14', '2019-08-05 04:49:14'),
(27, 'Ghazni', 5, 'AF-GHA', '2019-08-05 04:49:14', '2019-08-05 04:49:14'),
(28, 'Kandahar', 5, 'AF-KAN', '2019-08-05 04:49:14', '2019-08-05 04:49:14'),
(29, 'Hilmand', 5, 'AF-HEL', '2019-08-05 04:49:14', '2019-08-05 04:49:14'),
(30, 'Herat', 6, 'AF-HER', '2019-08-05 04:49:14', '2019-08-05 04:49:14'),
(31, 'Badghis', 6, 'AF-BDG', '2019-08-05 04:49:14', '2019-08-05 04:49:14'),
(32, 'Ghor', 6, 'AF-GHO', '2019-08-05 04:49:14', '2019-08-05 04:49:14'),
(33, 'Farah', 6, 'AF-FRA', '2019-08-05 04:49:14', '2019-08-05 04:49:14'),
(34, 'Nimroz', 6, 'AF-NIM', '2019-08-05 04:49:14', '2019-08-05 04:49:14');

-- --------------------------------------------------------

--
-- Table structure for table `roles`
--

CREATE TABLE `roles` (
  `id` int(11) NOT NULL,
  `role` varchar(128) COLLATE utf8_unicode_ci NOT NULL,
  `des` varchar(200) COLLATE utf8_unicode_ci DEFAULT NULL,
  `created_at` datetime DEFAULT CURRENT_TIMESTAMP,
  `updated_at` datetime DEFAULT CURRENT_TIMESTAMP
) ENGINE=InnoDB DEFAULT CHARSET=utf8 COLLATE=utf8_unicode_ci;

--
-- Dumping data for table `roles`
--

INSERT INTO `roles` (`id`, `role`, `des`, `created_at`, `updated_at`) VALUES
(1, 'admin', 'this role is only for admin', '2020-05-07 01:43:01', '2020-05-07 01:43:01'),
(2, 'user', 'this role is only for user or tailor shop owner', '2020-05-07 01:43:01', '2020-05-07 01:43:01'),
(3, 'customer', 'this role is only for customer', '2020-05-07 01:43:01', '2020-05-07 01:43:01');

-- --------------------------------------------------------

--
-- Table structure for table `users`
--

CREATE TABLE `users` (
  `id` int(11) NOT NULL,
  `first_name` varchar(128) COLLATE utf8_unicode_ci DEFAULT NULL,
  `last_name` varchar(128) COLLATE utf8_unicode_ci DEFAULT NULL,
  `email` varchar(128) COLLATE utf8_unicode_ci DEFAULT NULL,
  `password` varchar(194) COLLATE utf8_unicode_ci DEFAULT NULL,
  `dob` date DEFAULT NULL,
  `gender` int(11) DEFAULT NULL,
  `image` varchar(128) COLLATE utf8_unicode_ci DEFAULT NULL,
  `phone_number` varchar(128) COLLATE utf8_unicode_ci NOT NULL,
  `verified` int(11) DEFAULT NULL,
  `role_id` int(11) NOT NULL,
  `company_id` int(11) DEFAULT NULL,
  `district_id` int(11) DEFAULT NULL,
  `state` int(2) NOT NULL,
  `created_at` datetime DEFAULT CURRENT_TIMESTAMP,
  `updated_at` datetime DEFAULT CURRENT_TIMESTAMP
) ENGINE=InnoDB DEFAULT CHARSET=utf8 COLLATE=utf8_unicode_ci;

--
-- Dumping data for table `users`
--

INSERT INTO `users` (`id`, `first_name`, `last_name`, `email`, `password`, `dob`, `gender`, `image`, `phone_number`, `verified`, `role_id`, `company_id`, `district_id`, `state`, `created_at`, `updated_at`) VALUES
(54, 'amiri', 'ulfat', 'khan123@gmail.com', '0d1a68ae73f2ae92627c4c9726535bc3e8cc67dc', '1998-11-28', 1, '1590230138.jpeg', '789987897', 1, 1, NULL, 107, 1, '2020-05-15 16:30:56', '2020-05-23 23:44:30'),
(55, 'Shaihd', 'Mamond', 'shahidmamond@mail.om', '0d1a68ae73f2ae92627c4c9726535bc3e8cc67dc', '2020-04-08', 1, '1590229043.jpeg', '778123472', 1, 2, NULL, 402, 1, '2020-05-15 17:12:41', '2020-05-15 17:12:41'),
(56, 'Khan', 'Mamond', 'atif@gmail.com', '0d1a68ae73f2ae92627c4c9726535bc3e8cc67dc', '1999-11-28', 1, '1590229043.jpeg', '789789789', 1, 2, NULL, 101, 1, '2020-05-15 20:28:35', '2020-05-15 20:28:35'),
(57, 'khan', 'khan', 'amirig@gmail.com', '0d1a68ae73f2ae92627c4c9726535bc3e8cc67dc', NULL, 0, '1590229043.jpeg', '788876671', 1, 1, NULL, NULL, 1, '2020-05-15 21:36:26', '2020-05-15 21:36:26'),
(58, 'Khan', 'Afghan', NULL, '0d1a68ae73f2ae92627c4c9726535bc3e8cc67dc', NULL, 1, '1590229043.jpeg', '787864345', 1, 2, NULL, 1601, 0, '2020-05-15 23:40:29', '2020-05-15 23:40:29'),
(59, 'khan', 'mamond', NULL, '0d1a68ae73f2ae92627c4c9726535bc3e8cc67dc', NULL, 1, '1590229043.jpeg', '787545677', 1, 1, NULL, NULL, 1, '2020-05-15 23:40:45', '2020-05-15 23:40:45'),
(60, 'Ahmadullah', 'Khan', 'user1@tailor.com', '0d1a68ae73f2ae92627c4c9726535bc3e8cc67dc', NULL, 1, '1590262817.jpeg', '770232031', 1, 2, NULL, NULL, 1, '2020-05-16 20:09:26', '2020-05-28 16:05:10'),
(61, 'khan', 'afghan', NULL, '0d1a68ae73f2ae92627c4c9726535bc3e8cc67dc', NULL, 1, '1590229043.jpeg', '787878776', 1, 1, NULL, NULL, 1, '2020-05-16 20:09:49', '2020-05-16 20:09:49'),
(62, 'amir', 'khan', 'amir@gmail.com', '0d1a68ae73f2ae92627c4c9726535bc3e8cc67dc', '1999-11-22', 1, '1590229043.jpeg', '787899878', 1, 1, NULL, NULL, 1, '2020-05-16 20:10:47', '2020-05-16 20:10:47'),
(63, 'haseeb', 'khan', '', '0d1a68ae73f2ae92627c4c9726535bc3e8cc67dc', '0000-00-00', 1, '1590229043.jpeg', '788898678', 1, 1, NULL, NULL, 1, '2020-05-16 20:12:00', '2020-05-16 20:12:00'),
(64, 'Saleem', 'Azizi', NULL, '0d1a68ae73f2ae92627c4c9726535bc3e8cc67dc', NULL, 1, '1590229043.jpeg', '748987679', 1, 2, NULL, 201, 1, '2020-05-16 20:12:56', '2020-05-16 20:12:56'),
(65, 'Arfan', 'Khan', 'arfan@gmail.com', '0d1a68ae73f2ae92627c4c9726535bc3e8cc67dc', '1999-11-22', 1, '1590229043.jpeg', '787878785', 1, 2, 1, 2201, 1, '2020-05-16 23:39:40', '2020-05-16 23:39:40'),
(66, 'ameen', 'khan', NULL, '0d1a68ae73f2ae92627c4c9726535bc3e8cc67dc', NULL, 1, '1590229043.jpeg', '787878992', 1, 1, NULL, 201, 1, '2020-05-16 23:40:38', '2020-05-16 23:40:38'),
(67, 'Rezwan', 'Alimi', 'rezwankhan@gmail.com', '0d1a68ae73f2ae92627c4c9726535bc3e8cc67dc', NULL, 1, '1590229043.jpeg', '790909890', NULL, 2, 3, 2205, 1, '2020-05-17 15:34:26', '2020-05-17 15:34:26'),
(68, 'Amir', 'Jan', 'afghan@yahoo.com', '0d1a68ae73f2ae92627c4c9726535bc3e8cc67dc', '1999-02-21', 1, '1590229043.jpeg', '789329321', 1, 2, 4, 201, 1, '2020-05-17 17:20:44', '2020-05-17 17:20:44'),
(69, 'asadullah', 'khan', 'asad@gmail.com', '0d1a68ae73f2ae92627c4c9726535bc3e8cc67dc', NULL, 1, '1590229043.jpeg', '787876638', 1, 1, NULL, 201, 1, '2020-05-17 18:27:06', '2020-05-17 18:27:06'),
(70, 'Halim', 'Khan', 'afzal@gmail.com', '0d1a68ae73f2ae92627c4c9726535bc3e8cc67dc', NULL, 1, '1590229043.jpeg', '789987565', 1, 2, 6, 1001, 1, '2020-05-17 22:27:29', '2020-05-17 22:27:29'),
(71, 'azhar', 'azimi', 'azhar@gmail.com', '0d1a68ae73f2ae92627c4c9726535bc3e8cc67dc', NULL, 1, '1590229043.jpeg', '787876545', 1, 1, NULL, 2501, 1, '2020-05-17 22:40:32', '2020-05-17 22:40:32'),
(72, 'Hedayat', 'Khan', 'hedayat@gmail.com', '0d1a68ae73f2ae92627c4c9726535bc3e8cc67dc', '1999-11-22', 1, '1590229043.jpeg', '728998769', 1, 2, 7, 201, 1, '2020-05-17 22:42:48', '2020-05-17 22:42:48'),
(73, 'Khan', 'Ihsan', NULL, '0d1a68ae73f2ae92627c4c9726535bc3e8cc67dc', NULL, 1, '1590229043.jpeg', '789878788', 1, 2, 8, NULL, 1, '2020-05-17 23:02:58', '2020-05-17 23:02:58'),
(74, 'sultan', 'khan', 'sultan@gmail.com', '0d1a68ae73f2ae92627c4c9726535bc3e8cc67dc', '1999-11-12', 1, '1590229043.jpeg', '798987654', 1, 2, 9, 2701, 1, '2020-05-17 23:41:16', '2020-05-17 23:41:16'),
(75, 'Khesraw', 'Khan', 'khesraw@gmail.com', '0d1a68ae73f2ae92627c4c9726535bc3e8cc67dc', NULL, 1, '1590229043.jpeg', '787876787', 1, 2, 10, NULL, 1, '2020-05-17 23:46:46', '2020-05-17 23:46:46'),
(76, 'Omar', 'Khan', 'omer@gmail.com', '0d1a68ae73f2ae92627c4c9726535bc3e8cc67dc', '1999-11-22', 1, '1590229043.jpeg', '787877778', 1, 2, 11, 801, 1, '2020-05-17 23:52:15', '2020-05-17 23:52:15'),
(77, 'Haseeb', 'Alimi', 'haseeb1@gmail.com', '0d1a68ae73f2ae92627c4c9726535bc3e8cc67dc', NULL, 1, '1590229043.jpeg', '789329300', 1, 2, 12, 1001, 1, '2020-05-17 23:57:31', '2020-05-17 23:57:31'),
(78, 'rafiullah', 'khan', 'rafi@gmail.com', '0d1a68ae73f2ae92627c4c9726535bc3e8cc67dc', NULL, 1, '1590229043.jpeg', '787898767', 1, 1, NULL, 2601, 1, '2020-05-18 00:23:16', '2020-05-18 00:23:16'),
(79, 'Omar', 'Khan', 'jalalkhan@gmail.com', '0d1a68ae73f2ae92627c4c9726535bc3e8cc67dc', NULL, 1, '1590229043.jpeg', '787899877', 1, 2, 13, NULL, 1, '2020-05-18 02:04:15', '2020-05-18 02:04:15'),
(80, 'Shahidullah', 'Mamond', 'shahid@mail.com', '0d1a68ae73f2ae92627c4c9726535bc3e8cc67dc', '1999-11-22', 1, '1590229043.jpeg', '747999307', 1, 1, NULL, NULL, 1, '2020-05-18 21:30:49', '2020-05-18 21:30:49'),
(81, 'Khan', 'Afghan', 'alijan@gmail.com', '0d1a68ae73f2ae92627c4c9726535bc3e8cc67dc', NULL, 1, '1590229043.jpeg', '787878778', 1, 2, 14, NULL, 1, '2020-05-19 17:42:41', '2020-05-19 17:42:41'),
(82, 'Amir', 'Momen', NULL, '0d1a68ae73f2ae92627c4c9726535bc3e8cc67dc', NULL, 1, '1590229043.jpeg', '789329313', 1, 1, NULL, NULL, 1, '2020-05-20 01:05:16', '2020-05-20 01:05:16'),
(83, 'Khan', 'Afghan', 'khan@gmail.com', '0d1a68ae73f2ae92627c4c9726535bc3e8cc67dc', NULL, 1, '1590229043.jpeg', '787676768', 1, 2, 15, NULL, 1, '2020-05-20 01:05:42', '2020-05-20 01:05:42'),
(84, 'Omar', 'Khan', NULL, '0d1a68ae73f2ae92627c4c9726535bc3e8cc67dc', NULL, 1, '1590229043.jpeg', '707876787', 1, 2, 16, NULL, 1, '2020-05-20 01:06:06', '2020-05-20 01:06:06'),
(85, 'Khan', 'Afghan', 'asfdasfd@gmail.com', '0d1a68ae73f2ae92627c4c9726535bc3e8cc67dc', NULL, 1, '1590229043.jpeg', '787876727', 1, 2, 17, NULL, 1, '2020-05-20 01:07:23', '2020-05-20 01:07:23'),
(86, 'Khan', 'Afg', 'afzal@tailor.com', '0d1a68ae73f2ae92627c4c9726535bc3e8cc67dc', NULL, 1, '1590229043.jpeg', '787898760', 1, 2, 18, NULL, 1, '2020-05-20 01:10:02', '2020-05-20 01:10:02'),
(87, 'Khan', 'Amiri', 'amiri@gmail.com', '0d1a68ae73f2ae92627c4c9726535bc3e8cc67dc', NULL, 1, '1590229043.jpeg', '789329310', 1, 2, 19, NULL, 1, '2020-05-20 01:12:05', '2020-05-20 01:12:05'),
(88, 'Asad', 'Khan', NULL, '0d1a68ae73f2ae92627c4c9726535bc3e8cc67dc', NULL, 1, '1590229043.jpeg', '787878785', 1, 2, 20, NULL, 1, '2020-05-20 01:12:29', '2020-05-20 01:12:29'),
(89, 'Shafi', 'Khan', 'azharkhan@gmail.com', '0d1a68ae73f2ae92627c4c9726535bc3e8cc67dc', NULL, 1, '1590229043.jpeg', '78787678', 1, 1, NULL, NULL, 1, '2020-05-20 01:13:00', '2020-05-20 01:13:00'),
(90, 'Mirwais', 'Khan', 'fazlullahmamond@gmail.com', '0d1a68ae73f2ae92627c4c9726535bc3e8cc67dc', NULL, 1, '1590229043.jpeg', '787898787', 1, 2, 21, NULL, 1, '2020-05-20 16:08:03', '2020-05-20 16:08:03'),
(91, 'Ihsan', 'Khan', NULL, '0d1a68ae73f2ae92627c4c9726535bc3e8cc67dc', NULL, 1, '1590229043.jpeg', '767600000', 1, 2, 22, NULL, 1, '2020-05-21 01:14:41', '2020-05-21 01:14:41'),
(92, 'Amir', 'Jan', 'amirkhan@gmail.com', '0d1a68ae73f2ae92627c4c9726535bc3e8cc67dc', '1999-11-22', 1, '1590229043.jpeg', '787877879', 1, 1, NULL, NULL, 1, '2020-05-22 22:19:04', '2020-05-22 22:19:04'),
(93, 'New', 'Admin', 'new@gmail.com', '0d1a68ae73f2ae92627c4c9726535bc3e8cc67dc', '1999-11-22', 1, '787890909.jpeg', '787890909', 1, 1, NULL, 801, 1, '2020-05-23 15:10:52', '2020-05-23 15:10:52'),
(94, 'Khan', 'Afghan', 'khan11@gmail.com', '0d1a68ae73f2ae92627c4c9726535bc3e8cc67dc', '1998-11-22', 1, '1590230816.jpeg', '767600001', 1, 1, NULL, 2601, 1, '2020-05-23 15:15:54', '2020-05-23 15:15:54'),
(95, 'Amiri', 'Khan', 'aaa@gmail.com', '0d1a68ae73f2ae92627c4c9726535bc3e8cc67dc', '1998-12-12', 1, '1590230901.jpeg', '767600003', 1, 1, NULL, 301, 1, '2020-05-23 15:18:21', '2020-05-23 15:18:21'),
(96, 'sefat', 'khan', 'sefat@gmail.com', '0d1a68ae73f2ae92627c4c9726535bc3e8cc67dc', '1998-11-28', 1, '1590261301.jpeg', '789898785', 1, 1, NULL, 501, 1, '2020-05-23 23:45:01', '2020-05-24 00:05:36'),
(97, 'Khan', 'Afghan', 'khan22@gmail.com', '0d1a68ae73f2ae92627c4c9726535bc3e8cc67dc', NULL, 1, NULL, '770000000', 1, 1, NULL, 2501, 1, '2020-05-23 23:52:32', '2020-05-23 23:53:53'),
(98, 'Ulfat', 'Khan', 'ulfat@gmail.com', '0d1a68ae73f2ae92627c4c9726535bc3e8cc67dc', NULL, 1, NULL, '787809090', 1, 2, 23, 1001, 1, '2020-05-23 23:57:25', '2020-05-23 23:57:25'),
(99, 'Fazlullah', 'Mamond', 'admin@tailor.com', '44b777578df9beb1ca4f5df1c513d76e414bf8eb', '1998-11-28', 1, '1590262579.jpeg', '779065623', 1, 1, NULL, 107, 1, '2020-05-24 00:06:19', '2020-06-21 10:53:23'),
(100, 'Mohammad', 'Ulfat', 'mohammad@yahoo.com', '0d1a68ae73f2ae92627c4c9726535bc3e8cc67dc', '1999-11-22', 1, '1590262817.jpeg', '779065620', 1, 2, 24, 101, 1, '2020-05-24 00:10:17', '2020-05-24 00:10:17'),
(101, 'Testing', 'User', 'user@tailor.com', '44b777578df9beb1ca4f5df1c513d76e414bf8eb', '1999-11-28', 1, '1592809741.jpeg', '789078987', 1, 2, 25, 104, 1, '2020-05-30 23:28:28', '2020-06-26 00:04:45'),
(132, 'Testing', 'User', 'Mir789990989@khayat.com', '0d1a68ae73f2ae92627c4c9726535bc3e8cc67dc', NULL, NULL, NULL, '776767655', 1, 3, 25, NULL, 1, '2020-06-04 11:53:13', '2020-06-09 00:06:55'),
(133, 'Amrullah', 'Jan', 'Amir787676121@khayat.com', '0d1a68ae73f2ae92627c4c9726535bc3e8cc67dc', NULL, NULL, NULL, '787676121', NULL, 3, 25, NULL, 1, '2020-06-04 11:54:13', '2020-07-14 14:27:38'),
(134, 'Khan', 'Afghan', 'Khan789879877@khayat.com', '0d1a68ae73f2ae92627c4c9726535bc3e8cc67dc', NULL, NULL, NULL, '789879877', NULL, 3, 25, NULL, 1, '2020-06-04 12:10:22', '2020-06-04 12:10:22'),
(138, 'Khan', 'Afghan', 'Khan789898098@khayat.com', '0d1a68ae73f2ae92627c4c9726535bc3e8cc67dc', NULL, NULL, NULL, '789898098', 1, 3, 25, NULL, 1, '2020-06-04 14:02:34', '2020-06-04 14:02:34'),
(139, 'Hussain', 'Amiri', 'Hassan779065629@khayat.com', '0d1a68ae73f2ae92627c4c9726535bc3e8cc67dc', NULL, NULL, NULL, '779065629', NULL, 3, 25, NULL, 1, '2020-06-04 23:39:30', '2020-07-14 14:29:22'),
(140, 'Hossen', 'Amiri', 'Hossen789329312@khayat.com', '0d1a68ae73f2ae92627c4c9726535bc3e8cc67dc', NULL, NULL, NULL, '789329312', 1, 3, 25, NULL, 1, '2020-06-04 23:41:22', '2020-06-04 23:41:22'),
(142, 'Zahir', 'Qadir', 'Zahir767678768@khayat.com', '0d1a68ae73f2ae92627c4c9726535bc3e8cc67dc', NULL, NULL, NULL, '767678768', NULL, 3, 25, NULL, 1, '2020-06-04 23:49:20', '2020-06-04 23:49:20'),
(144, 'Test', 'User', 'test@gmail.com', '0d1a68ae73f2ae92627c4c9726535bc3e8cc67dc', '1999-11-22', 1, '1591302981.jpeg', '787878889', 1, 2, 26, 301, 1, '2020-06-05 01:06:21', '2020-06-05 01:06:21'),
(145, 'Amir', 'Khan', 'Ahmad781231121@khayat.com', '0d1a68ae73f2ae92627c4c9726535bc3e8cc67dc', NULL, NULL, NULL, '788878980', 1, 3, 26, NULL, 1, '2020-06-05 01:07:11', '2020-06-09 00:02:04'),
(146, 'Mahmood', 'Khan', 'Mahmood787877777@khayat.com', '0d1a68ae73f2ae92627c4c9726535bc3e8cc67dc', NULL, NULL, NULL, '787877777', 1, 3, 25, NULL, 1, '2020-06-09 00:10:08', '2020-06-09 00:16:12'),
(147, 'Amir', 'Momen', 'Amir787232322@khayat.com', '0d1a68ae73f2ae92627c4c9726535bc3e8cc67dc', NULL, NULL, NULL, '787232322', 1, 3, 25, NULL, 1, '2020-06-09 00:13:13', '2020-06-20 11:48:00'),
(148, 'Lutfullah', 'Khan', 'Lutfullah767676777@khayat.com', '0d1a68ae73f2ae92627c4c9726535bc3e8cc67dc', NULL, NULL, NULL, '767676777', 1, 3, 25, NULL, 1, '2020-06-09 00:14:12', '2020-06-09 00:14:12'),
(149, 'Sadaqat', 'Khan', 'Sadaqat789809090@khayat.com', '0d1a68ae73f2ae92627c4c9726535bc3e8cc67dc', NULL, NULL, NULL, '789809090', 1, 3, 25, NULL, 1, '2020-06-09 00:14:41', '2020-06-09 00:14:41'),
(150, 'Baseer', 'Jan', 'Baseer787419951@khayat.com', '0d1a68ae73f2ae92627c4c9726535bc3e8cc67dc', NULL, NULL, NULL, '787419951', 1, 3, 25, NULL, 1, '2020-06-10 17:05:39', '2020-06-20 09:53:15'),
(151, 'Abdullah', 'Khan', 'Amir787676120@khayat.com', '0d1a68ae73f2ae92627c4c9726535bc3e8cc67dc', NULL, NULL, NULL, '787676120', 1, 3, 25, NULL, 1, '2020-06-19 11:27:42', '2020-08-08 15:24:44'),
(152, 'Zabi', 'Khan', 'Zabi788989009@khayat.com', '0d1a68ae73f2ae92627c4c9726535bc3e8cc67dc', NULL, NULL, NULL, '788989009', 1, 3, 1, NULL, 1, '2020-06-21 09:57:13', '2020-06-21 09:57:13'),
(153, 'Khalid', 'Khan', 'Khalid776767665@khayat.com', '0d1a68ae73f2ae92627c4c9726535bc3e8cc67dc', NULL, NULL, NULL, '776767665', 1, 3, 1, NULL, 1, '2020-06-21 09:57:48', '2020-06-21 09:57:48'),
(154, 'Amir', 'Jan', 'Amir788878987@khayat.com', '0d1a68ae73f2ae92627c4c9726535bc3e8cc67dc', NULL, NULL, NULL, '788878987', 1, 3, 25, NULL, 1, '2020-07-05 17:47:40', '2020-07-14 16:08:52'),
(155, 'New', 'User', 'new@tailor.com', '0d1a68ae73f2ae92627c4c9726535bc3e8cc67dc', '2020-02-02', 1, NULL, '788883738', 1, 2, 27, 201, 1, '2020-07-05 18:00:24', '2020-07-05 18:00:24'),
(156, 'Wahab', 'Khan', 'Wahab766754556@khayat.com', '0d1a68ae73f2ae92627c4c9726535bc3e8cc67dc', NULL, NULL, NULL, '766754556', 1, 3, 27, NULL, 1, '2020-07-05 18:01:19', '2020-07-05 18:03:13'),
(157, 'Nawab', 'Khan', 'Nawab787888789@khayat.com', '0d1a68ae73f2ae92627c4c9726535bc3e8cc67dc', NULL, NULL, NULL, '787888789', 1, 3, 27, NULL, 1, '2020-07-05 18:02:00', '2020-07-05 18:03:52'),
(158, 'Amir', 'Khan', 'Amir788989890@khayat.com', '0d1a68ae73f2ae92627c4c9726535bc3e8cc67dc', NULL, NULL, NULL, '788989890', 1, 3, 25, NULL, 1, '2020-07-14 14:28:13', '2020-07-14 14:28:13'),
(159, 'Rauf', 'Khan', 'Rauf788887899@khayat.com', '0d1a68ae73f2ae92627c4c9726535bc3e8cc67dc', NULL, NULL, NULL, '788887899', 1, 3, 25, NULL, 1, '2020-07-14 16:14:44', '2020-07-14 16:14:44'),
(160, 'Aziz', 'Khan', 'Aziz789098909@khayat.com', '0d1a68ae73f2ae92627c4c9726535bc3e8cc67dc', NULL, NULL, NULL, '789098909', 1, 3, 25, NULL, 1, '2020-08-08 15:22:42', '2020-08-08 15:22:42'),
(161, 'Khan', 'Amiri', 'Khan788878789@khayat.com', '0d1a68ae73f2ae92627c4c9726535bc3e8cc67dc', NULL, NULL, NULL, '788878789', 1, 3, 25, NULL, 1, '2020-08-08 15:23:24', '2020-08-08 15:23:24'),
(162, 'Loqman', 'Hakim', 'Loqman767898989@khayat.com', '0d1a68ae73f2ae92627c4c9726535bc3e8cc67dc', NULL, NULL, NULL, '767898989', NULL, 3, 25, NULL, 1, '2020-08-08 15:24:21', '2020-08-08 15:24:21');

-- --------------------------------------------------------

--
-- Table structure for table `waskat`
--

CREATE TABLE `waskat` (
  `id` int(11) NOT NULL,
  `customer_id` int(11) NOT NULL,
  `qad` varchar(128) COLLATE utf8_unicode_ci NOT NULL,
  `baghal` varchar(128) COLLATE utf8_unicode_ci NOT NULL,
  `kamar` varchar(128) COLLATE utf8_unicode_ci NOT NULL,
  `shana` varchar(128) COLLATE utf8_unicode_ci NOT NULL,
  `yakhan` varchar(128) COLLATE utf8_unicode_ci NOT NULL,
  `yakhan_id` int(11) NOT NULL,
  `created_at` datetime DEFAULT CURRENT_TIMESTAMP,
  `updated_at` datetime DEFAULT CURRENT_TIMESTAMP
) ENGINE=InnoDB DEFAULT CHARSET=utf8 COLLATE=utf8_unicode_ci;

--
-- Dumping data for table `waskat`
--

INSERT INTO `waskat` (`id`, `customer_id`, `qad`, `baghal`, `kamar`, `shana`, `yakhan`, `yakhan_id`, `created_at`, `updated_at`) VALUES
(1, 134, '23', '23', '23j', 'nim40', '3', 17, '2020-06-04 12:10:22', '2020-06-04 12:10:22'),
(2, 140, '122', '22', '23', '34', '44', 16, '2020-06-04 23:41:22', '2020-06-04 23:41:22'),
(3, 148, '23', '23', '23', '23', '23', 17, '2020-06-09 00:14:12', '2020-06-09 00:14:12'),
(4, 133, '44', '34', '55', '43', '45', 18, '2020-06-20 09:50:48', '2020-07-14 14:27:38'),
(5, 150, '56', '45', '45', '45', '45', 16, '2020-06-20 09:53:15', '2020-06-20 09:53:15'),
(6, 151, '45', '50', '50', '50', '50', 18, '2020-06-20 11:19:35', '2020-06-20 11:47:02'),
(7, 147, '60', '60', '60', '60', '60', 18, '2020-06-20 11:48:00', '2020-06-20 11:48:00'),
(8, 157, '45', '45', '45', '45', '45', 16, '2020-07-05 18:03:52', '2020-07-05 18:03:52'),
(9, 161, '54', '45', '45', '45', '45', 16, '2020-08-08 15:23:24', '2020-08-08 15:23:24');

-- --------------------------------------------------------

--
-- Table structure for table `zones`
--

CREATE TABLE `zones` (
  `id` int(11) NOT NULL,
  `name` varchar(50) COLLATE utf8_unicode_ci DEFAULT NULL,
  `created_at` datetime DEFAULT CURRENT_TIMESTAMP,
  `updated_at` datetime DEFAULT CURRENT_TIMESTAMP
) ENGINE=InnoDB DEFAULT CHARSET=utf8 COLLATE=utf8_unicode_ci;

--
-- Dumping data for table `zones`
--

INSERT INTO `zones` (`id`, `name`, `created_at`, `updated_at`) VALUES
(1, 'North', '2019-08-05 04:49:14', '2019-08-05 04:49:14'),
(2, 'Central', '2019-08-05 04:49:14', '2019-08-05 04:49:14'),
(3, 'Kabul', '2019-08-05 04:49:14', '2019-08-05 04:49:14'),
(4, 'East', '2019-08-05 04:49:14', '2019-08-05 04:49:14'),
(5, 'South', '2019-08-05 04:49:14', '2019-08-05 04:49:14'),
(6, 'West', '2019-08-05 04:49:14', '2019-08-05 04:49:14');

--
-- Indexes for dumped tables
--

--
-- Indexes for table `companies`
--
ALTER TABLE `companies`
  ADD PRIMARY KEY (`id`),
  ADD KEY `district_id` (`district_id`),
  ADD KEY `index_comID` (`id`);

--
-- Indexes for table `company_customers`
--
ALTER TABLE `company_customers`
  ADD PRIMARY KEY (`id`),
  ADD KEY `company_id` (`company_id`),
  ADD KEY `customer_id` (`customer_id`);

--
-- Indexes for table `districts`
--
ALTER TABLE `districts`
  ADD PRIMARY KEY (`id`),
  ADD KEY `index_disID` (`id`),
  ADD KEY `index_proID` (`province_id`);

--
-- Indexes for table `dropdown`
--
ALTER TABLE `dropdown`
  ADD PRIMARY KEY (`id`);

--
-- Indexes for table `kurti`
--
ALTER TABLE `kurti`
  ADD PRIMARY KEY (`id`),
  ADD KEY `customer_id` (`customer_id`),
  ADD KEY `tokma_id` (`tokma_id`),
  ADD KEY `chak_id` (`chak_id`),
  ADD KEY `yakhan_id` (`yakhan_id`),
  ADD KEY `daman_id` (`daman_id`);

--
-- Indexes for table `lebas`
--
ALTER TABLE `lebas`
  ADD PRIMARY KEY (`id`),
  ADD KEY `customer_id` (`customer_id`),
  ADD KEY `baghal_jeb_id` (`baghal_jeb_id`),
  ADD KEY `astin_id` (`astin_id`),
  ADD KEY `yakhan_id` (`yakhan_id`),
  ADD KEY `daman_id` (`daman_id`);

--
-- Indexes for table `news`
--
ALTER TABLE `news`
  ADD PRIMARY KEY (`id`);

--
-- Indexes for table `orders`
--
ALTER TABLE `orders`
  ADD PRIMARY KEY (`id`),
  ADD KEY `customer_id` (`customer_id`);

--
-- Indexes for table `pathloon`
--
ALTER TABLE `pathloon`
  ADD PRIMARY KEY (`id`),
  ADD KEY `customer_id` (`customer_id`);

--
-- Indexes for table `posts`
--
ALTER TABLE `posts`
  ADD PRIMARY KEY (`id`),
  ADD KEY `company_id` (`company_id`);

--
-- Indexes for table `provinces`
--
ALTER TABLE `provinces`
  ADD PRIMARY KEY (`id`),
  ADD KEY `zone_id` (`zone_id`),
  ADD KEY `index_pro` (`id`);

--
-- Indexes for table `roles`
--
ALTER TABLE `roles`
  ADD PRIMARY KEY (`id`);

--
-- Indexes for table `users`
--
ALTER TABLE `users`
  ADD PRIMARY KEY (`id`),
  ADD KEY `company_id` (`company_id`),
  ADD KEY `district_id` (`district_id`),
  ADD KEY `FK` (`role_id`),
  ADD KEY `index_phone` (`phone_number`),
  ADD KEY `index_password` (`password`),
  ADD KEY `index_email` (`email`),
  ADD KEY `index_id` (`id`);

--
-- Indexes for table `waskat`
--
ALTER TABLE `waskat`
  ADD PRIMARY KEY (`id`),
  ADD KEY `customer_id` (`customer_id`),
  ADD KEY `yakhan_id` (`yakhan_id`);

--
-- Indexes for table `zones`
--
ALTER TABLE `zones`
  ADD PRIMARY KEY (`id`);

--
-- AUTO_INCREMENT for dumped tables
--

--
-- AUTO_INCREMENT for table `companies`
--
ALTER TABLE `companies`
  MODIFY `id` int(11) NOT NULL AUTO_INCREMENT, AUTO_INCREMENT=28;

--
-- AUTO_INCREMENT for table `company_customers`
--
ALTER TABLE `company_customers`
  MODIFY `id` int(11) NOT NULL AUTO_INCREMENT, AUTO_INCREMENT=59;

--
-- AUTO_INCREMENT for table `districts`
--
ALTER TABLE `districts`
  MODIFY `id` int(11) NOT NULL AUTO_INCREMENT, AUTO_INCREMENT=3409;

--
-- AUTO_INCREMENT for table `dropdown`
--
ALTER TABLE `dropdown`
  MODIFY `id` int(11) NOT NULL AUTO_INCREMENT, AUTO_INCREMENT=29;

--
-- AUTO_INCREMENT for table `kurti`
--
ALTER TABLE `kurti`
  MODIFY `id` int(11) NOT NULL AUTO_INCREMENT, AUTO_INCREMENT=12;

--
-- AUTO_INCREMENT for table `lebas`
--
ALTER TABLE `lebas`
  MODIFY `id` int(11) NOT NULL AUTO_INCREMENT, AUTO_INCREMENT=18;

--
-- AUTO_INCREMENT for table `news`
--
ALTER TABLE `news`
  MODIFY `id` int(11) NOT NULL AUTO_INCREMENT;

--
-- AUTO_INCREMENT for table `orders`
--
ALTER TABLE `orders`
  MODIFY `id` int(11) NOT NULL AUTO_INCREMENT, AUTO_INCREMENT=121;

--
-- AUTO_INCREMENT for table `pathloon`
--
ALTER TABLE `pathloon`
  MODIFY `id` int(11) NOT NULL AUTO_INCREMENT, AUTO_INCREMENT=11;

--
-- AUTO_INCREMENT for table `posts`
--
ALTER TABLE `posts`
  MODIFY `id` int(11) NOT NULL AUTO_INCREMENT;

--
-- AUTO_INCREMENT for table `provinces`
--
ALTER TABLE `provinces`
  MODIFY `id` int(11) NOT NULL AUTO_INCREMENT, AUTO_INCREMENT=35;

--
-- AUTO_INCREMENT for table `roles`
--
ALTER TABLE `roles`
  MODIFY `id` int(11) NOT NULL AUTO_INCREMENT, AUTO_INCREMENT=4;

--
-- AUTO_INCREMENT for table `users`
--
ALTER TABLE `users`
  MODIFY `id` int(11) NOT NULL AUTO_INCREMENT, AUTO_INCREMENT=163;

--
-- AUTO_INCREMENT for table `waskat`
--
ALTER TABLE `waskat`
  MODIFY `id` int(11) NOT NULL AUTO_INCREMENT, AUTO_INCREMENT=10;

--
-- AUTO_INCREMENT for table `zones`
--
ALTER TABLE `zones`
  MODIFY `id` int(11) NOT NULL AUTO_INCREMENT, AUTO_INCREMENT=7;

--
-- Constraints for dumped tables
--

--
-- Constraints for table `companies`
--
ALTER TABLE `companies`
  ADD CONSTRAINT `companies_ibfk_1` FOREIGN KEY (`district_id`) REFERENCES `districts` (`id`) ON DELETE CASCADE ON UPDATE CASCADE;

--
-- Constraints for table `company_customers`
--
ALTER TABLE `company_customers`
  ADD CONSTRAINT `company_customers_ibfk_1` FOREIGN KEY (`company_id`) REFERENCES `companies` (`id`) ON DELETE CASCADE ON UPDATE CASCADE,
  ADD CONSTRAINT `company_customers_ibfk_2` FOREIGN KEY (`customer_id`) REFERENCES `users` (`id`) ON DELETE CASCADE ON UPDATE CASCADE;

--
-- Constraints for table `districts`
--
ALTER TABLE `districts`
  ADD CONSTRAINT `districts_ibfk_1` FOREIGN KEY (`province_id`) REFERENCES `provinces` (`id`) ON DELETE CASCADE ON UPDATE CASCADE;

--
-- Constraints for table `kurti`
--
ALTER TABLE `kurti`
  ADD CONSTRAINT `kurti_ibfk_1` FOREIGN KEY (`customer_id`) REFERENCES `users` (`id`) ON DELETE CASCADE ON UPDATE CASCADE,
  ADD CONSTRAINT `kurti_ibfk_2` FOREIGN KEY (`tokma_id`) REFERENCES `dropdown` (`id`) ON DELETE CASCADE ON UPDATE CASCADE,
  ADD CONSTRAINT `kurti_ibfk_3` FOREIGN KEY (`chak_id`) REFERENCES `dropdown` (`id`) ON DELETE CASCADE ON UPDATE CASCADE,
  ADD CONSTRAINT `kurti_ibfk_4` FOREIGN KEY (`yakhan_id`) REFERENCES `dropdown` (`id`) ON DELETE CASCADE ON UPDATE CASCADE,
  ADD CONSTRAINT `kurti_ibfk_5` FOREIGN KEY (`daman_id`) REFERENCES `dropdown` (`id`) ON DELETE CASCADE ON UPDATE CASCADE;

--
-- Constraints for table `lebas`
--
ALTER TABLE `lebas`
  ADD CONSTRAINT `lebas_ibfk_1` FOREIGN KEY (`customer_id`) REFERENCES `users` (`id`) ON DELETE CASCADE ON UPDATE CASCADE,
  ADD CONSTRAINT `lebas_ibfk_2` FOREIGN KEY (`baghal_jeb_id`) REFERENCES `dropdown` (`id`) ON DELETE CASCADE ON UPDATE CASCADE,
  ADD CONSTRAINT `lebas_ibfk_3` FOREIGN KEY (`astin_id`) REFERENCES `dropdown` (`id`) ON DELETE CASCADE ON UPDATE CASCADE,
  ADD CONSTRAINT `lebas_ibfk_4` FOREIGN KEY (`yakhan_id`) REFERENCES `dropdown` (`id`) ON DELETE CASCADE ON UPDATE CASCADE,
  ADD CONSTRAINT `lebas_ibfk_5` FOREIGN KEY (`daman_id`) REFERENCES `dropdown` (`id`) ON DELETE CASCADE ON UPDATE CASCADE;

--
-- Constraints for table `orders`
--
ALTER TABLE `orders`
  ADD CONSTRAINT `orders_ibfk_1` FOREIGN KEY (`customer_id`) REFERENCES `users` (`id`) ON DELETE CASCADE ON UPDATE CASCADE;

--
-- Constraints for table `pathloon`
--
ALTER TABLE `pathloon`
  ADD CONSTRAINT `pathloon_ibfk_1` FOREIGN KEY (`customer_id`) REFERENCES `users` (`id`) ON DELETE CASCADE ON UPDATE CASCADE;

--
-- Constraints for table `posts`
--
ALTER TABLE `posts`
  ADD CONSTRAINT `posts_ibfk_1` FOREIGN KEY (`company_id`) REFERENCES `companies` (`id`) ON DELETE CASCADE ON UPDATE CASCADE;

--
-- Constraints for table `provinces`
--
ALTER TABLE `provinces`
  ADD CONSTRAINT `provinces_ibfk_1` FOREIGN KEY (`zone_id`) REFERENCES `zones` (`id`) ON DELETE CASCADE ON UPDATE CASCADE;

--
-- Constraints for table `users`
--
ALTER TABLE `users`
  ADD CONSTRAINT `users_ibfk_1` FOREIGN KEY (`role_id`) REFERENCES `roles` (`id`) ON DELETE CASCADE ON UPDATE CASCADE,
  ADD CONSTRAINT `users_ibfk_2` FOREIGN KEY (`company_id`) REFERENCES `companies` (`id`) ON DELETE CASCADE ON UPDATE CASCADE,
  ADD CONSTRAINT `users_ibfk_3` FOREIGN KEY (`district_id`) REFERENCES `districts` (`id`) ON DELETE CASCADE ON UPDATE CASCADE;

--
-- Constraints for table `waskat`
--
ALTER TABLE `waskat`
  ADD CONSTRAINT `waskat_ibfk_1` FOREIGN KEY (`customer_id`) REFERENCES `users` (`id`) ON DELETE CASCADE ON UPDATE CASCADE,
  ADD CONSTRAINT `waskat_ibfk_2` FOREIGN KEY (`yakhan_id`) REFERENCES `dropdown` (`id`) ON DELETE CASCADE ON UPDATE CASCADE;
COMMIT;

/*!40101 SET CHARACTER_SET_CLIENT=@OLD_CHARACTER_SET_CLIENT */;
/*!40101 SET CHARACTER_SET_RESULTS=@OLD_CHARACTER_SET_RESULTS */;
/*!40101 SET COLLATION_CONNECTION=@OLD_COLLATION_CONNECTION */;
